code,Year,D1
1004_54594,2000,0.23958202129645734
1004_54594,2003,0.07113313434667345
1004_54594,2004,0.11124845755584312
1004_54594,2005,0.2510381789330842
1004_54594,2006,0.5351809713610711
1004_54594,2008,0.0351669569575247
1004_54594,2009,0.01642927241276304
1004_54594,2010,0.046420182301545876
1004_54594,2011,0.17265599869057124
1004_54594,2014,0.9133540677136212
1004_54594,2015,0.41753965799134674
1004_54594,2016,0.2930505572423674
1004_54594,2017,0.4023866721600604
1004_54594,2020,0.026494131930965392
1004_54594,2021,0.11087562710131871
1004_54594,2022,0.08997489848245455
1013_50906,2000,0.07894243121321953
1013_50906,2003,0.1687839202070749
1013_50906,2004,0.9912302769068145
1013_50906,2005,0.5257161358617797
1013_50906,2006,0.310094725543705
1013_50906,2008,0.22306153781032345
1013_50906,2009,0.18782897218891104
1034_65832,2000,0.935368510871929
1034_65832,2003,0.016485914351003883
1034_65832,2004,0.731008284665847
1034_65832,2005,0.5314225696082092
1034_65832,2006,0.2656590288648212
1038_66413,2000,0.8795413018513726
1038_66413,2003,0.40665011818621444
1045_21020,2000,0.20766758461984258
1045_21020,2003,0.05038880033733639
1045_21020,2004,0.4829521410118285
1045_21020,2005,0.08476148797657002
1045_21020,2006,0.1620936064717199
1045_21020,2008,0.20124559743186998
1045_21020,2009,0.060254444949486397
1045_21020,2010,0.11200521909467565
1045_21020,2014,0.09103111028159894
1045_21020,2015,0.05775316093326699
1045_21020,2016,0.2933593668745138
1045_21020,2017,0.14613149940097114
1045_21020,2020,0.355012881213007
1045_21020,2021,0.2638614812816884
1045_21020,2022,0.16342494022413923
1050_11499,2000,0.6877948663326827
1050_11499,2003,0.8847439299705719
1050_11499,2004,0.8027301643258211
1050_11499,2005,0.7611022377021275
1050_11499,2006,0.9614637837360628
1050_11499,2008,0.1207563125013128
1050_11499,2009,0.2779285310474311
1050_11499,2010,0.7070187496280439
1050_11499,2011,0.13117190304220805
1050_11499,2014,0.1341696274434513
1050_11499,2015,0.18416851137259327
1050_11499,2016,0.5187623485523505
1050_11499,2017,0.4403769775506343
1050_11499,2020,0.20717158721733597
1050_11499,2021,0.6422770375671821
1050_11499,2022,0.12864261129193444
1056_62500,2000,0.2810010091902544
1056_62500,2003,0.11514071138427728
1056_62500,2004,0.27233638029004337
1056_62500,2005,0.5002586507600031
1056_62500,2006,0.7596184291955154
1062_26649,2000,0.9895533214490577
1062_26649,2003,0.9695188410133263
1062_26649,2004,0.36841195604159194
1062_26649,2005,0.19611217435944883
1062_26649,2006,0.7625988656984899
1062_26649,2008,0.2208237667671017
1062_26649,2009,0.06309009359557138
1062_26649,2010,0.057853328752656474
1062_26649,2011,0.12415671110683912
1062_26649,2014,0.9176544547395062
1062_26649,2015,0.31233611195368904
1062_26649,2016,0.9942003172836841
1062_26649,2017,0.17407327866725264
1062_26649,2020,0.11453223556785175
1062_26649,2021,0.3291166230138257
1062_26649,2022,0.3879774298942328
1072_81912,2000,0.10934358762219165
1072_81912,2003,0.13208570832423605
1072_81912,2004,0.07411822290128456
1072_81912,2005,0.10748393464640549
1072_81912,2006,0.06023019355929249
1072_81912,2008,0.019897106214574745
1072_81912,2009,0.04554086333862328
1072_81912,2010,0.22398610057800128
1072_81912,2011,0.06086578278328947
1072_81912,2014,0.13833324051343077
1072_81912,2015,0.1149121167621171
1072_81912,2016,0.13774757787751202
1072_81912,2017,0.12988860632633126
1075_27991,2000,0.9793886122712422
1075_27991,2003,0.32292799966147423
1075_27991,2004,0.5299171883454479
1075_27991,2005,0.3239322305579898
1075_27991,2006,0.5792969577377977
1075_27991,2008,0.08808918346862904
1075_27991,2009,0.11776708117875134
1075_27991,2010,0.11623115114206461
1075_27991,2011,0.20211800908007804
1075_27991,2014,0.3284427234388583
1075_27991,2015,0.9104082866591457
1075_27991,2016,0.5027187857330542
1075_27991,2017,0.8314842389621028
1075_27991,2020,0.7453424129621614
1075_27991,2021,0.4103126611963094
1075_27991,2022,0.10904296188631613
1076_10517,2000,0.6073117881385919
1076_10517,2003,0.9425057277938994
1076_10517,2004,0.7213736520120608
1076_10517,2005,0.6340625023268622
1076_10517,2006,0.559953488559245
1076_10517,2008,0.18161668192068114
1076_10517,2009,0.1637858119980733
1076_10517,2010,0.25219378223172095
1076_10517,2011,0.16359782155600788
1076_10517,2014,0.21071504363877902
1076_10517,2015,0.661636004595043
1076_10517,2016,0.5482152704290609
1076_10517,2017,0.15646353865824592
1076_10517,2020,0.39506765633176877
1076_10517,2021,0.2490276685083025
1076_10517,2022,0.5506677766625019
1076_78049,2000,0.5571550555460203
1076_78049,2003,0.6753741723004889
1076_78049,2004,0.4939364132019948
1076_78049,2005,0.3890066566432129
1076_78049,2006,0.6739596646999589
1076_78049,2008,0.08025119153606097
1076_78049,2009,0.25410660261684115
1078_20482,2000,0.8803432806181452
1078_20482,2003,0.20223083488288796
1078_20482,2004,0.25690210086753107
1078_20482,2005,0.6924677353910967
1078_20482,2006,0.46517996445634946
1078_20482,2008,0.2738508613196118
1078_20482,2009,0.28523068016737163
1078_20482,2010,0.12700700511255958
1078_20482,2011,0.06036723256566301
1078_20482,2014,0.03195149647551887
1078_20482,2015,0.061513191410699
1078_20482,2016,0.19792343590531025
1078_20482,2017,0.08144903187658181
1078_20482,2020,0.17409024196866096
1078_20482,2021,0.030838332500275012
1078_20482,2022,0.1274802182216892
1081_10560,2000,0.06576762194114771
1081_10560,2003,0.07056032072931862
1081_10560,2004,0.4468920453932973
1081_10560,2005,0.4773013706084275
1081_10560,2006,0.9352374696252027
1082_10568,2000,0.5312715241831405
1082_10568,2003,0.9323200470005387
1082_10568,2004,0.9792206366423061
1082_10568,2005,0.716699387004132
1082_10568,2006,0.4662896460490862
1082_10568,2008,0.6227154900603116
1082_10568,2009,0.7728689665765701
1082_10568,2010,0.862300930576954
1094_10656,2000,0.797515511415649
1094_10656,2003,0.8484432518056595
1094_10656,2004,0.5092118755713799
1094_10656,2005,0.45180312041405213
1094_10656,2006,0.43020306549792686
1094_10656,2008,0.10150994117537404
1094_10656,2009,0.05118993090945212
1094_10656,2010,0.05028818191207096
1094_10656,2011,0.0922955992956086
1094_10656,2014,0.48015707404332353
1094_10656,2015,0.32593051645798643
1094_10656,2016,0.08345919205585928
1094_10656,2017,0.18100033625879697
1095_10123,2000,0.552680983834525
1097_11647,2000,0.8672947203949348
1097_11647,2003,0.948571243014687
1104_60038,2000,0.8572790386468278
1104_60038,2003,0.8916297400839622
1104_60038,2004,0.3182281263989729
1104_60038,2005,0.5913906109476595
1104_60038,2006,0.9809632690823833
1104_60038,2008,0.3189605291287102
1104_60038,2009,0.6220569519593991
1104_60038,2010,0.6241768888945817
1104_60038,2011,0.36237405526173183
1104_60038,2014,0.942720491142768
1104_60038,2015,0.5729494406916986
1104_60038,2016,0.34315158285587855
1104_60038,2017,0.7026172782673983
1104_60038,2020,0.9995030181491421
1104_60038,2021,0.3130494179334431
1104_60038,2022,0.9999823295549799
1109_85084,2000,0.9951843318058803
1109_85084,2003,0.7943007402510522
1109_85084,2004,0.993023184824549
1109_85084,2005,0.7220672447531974
1109_85084,2006,0.6920776769744889
1111_79678,2000,0.15234472809594712
1111_79678,2003,0.30585091527913233
1111_79678,2004,0.09059841035642047
1111_79678,2005,0.1384618165716709
1111_79678,2006,0.32431097834051104
1117_10779,2000,0.488367190811416
1117_10779,2006,0.8771367775629648
1117_10779,2008,0.3943175132613015
1117_10779,2009,0.9365527036057972
1117_10779,2010,0.7871540726994174
1117_10779,2011,0.7887204519780849
1117_10779,2014,0.08939444403940977
1117_10779,2015,0.8631626259312359
1117_10779,2016,0.9884422860263256
1117_10779,2017,0.9589643243170259
1117_10779,2020,0.5334015282625397
1117_10779,2021,0.3744648475833431
1117_10779,2022,0.6466376368750142
1119_10065,2000,0.2441621050531373
1119_10065,2003,0.15431779748888608
1119_10065,2004,0.07664298170149353
1119_10065,2005,0.05162263260030564
1119_10065,2006,0.02491000502788332
1119_10065,2008,0.018052331006899847
1119_10065,2009,0.0009722620589315278
1119_10065,2010,0.004290931808826226
1119_10065,2011,0.007221434890276712
1119_10065,2014,0.0440071264869889
1119_10065,2015,0.02783703851117969
1119_10065,2016,0.1313850102316555
1119_10065,2017,0.07074080114085723
1119_10065,2020,0.03928079553403119
1119_10065,2021,0.0069684721375560255
1119_10065,2022,0.00811889377161279
1121_61487,2000,0.42401719216760825
1121_61487,2003,0.4800239844900378
1121_61487,2004,0.5661673198525997
1121_61487,2005,0.535720256557115
1121_61487,2006,0.5577452547789556
1121_61487,2008,0.5047872703620407
1121_61487,2009,0.2926976674630234
1121_61487,2010,0.2838843447456122
1121_61487,2011,0.41525477729769256
1121_61487,2014,0.851998068555869
1121_61487,2015,0.4495235095522355
1121_61487,2016,0.48455215805602647
1121_61487,2017,0.4659572205879988
1121_61487,2020,0.8485054005053375
1121_61487,2021,0.10884562194620073
1121_61487,2022,0.9959387932368793
1154_85164,2000,0.8691738339256272
1161_61241,2000,0.11406366146793012
1161_61241,2003,0.2447941913535291
1161_61241,2004,0.3711052451350252
1161_61241,2005,0.37688621787365606
1161_61241,2006,0.8852108336568701
1161_61241,2008,0.33092192179203317
1161_61241,2009,0.13336326028344703
1161_61241,2010,0.2583121382293778
1161_61241,2011,0.1481733059502357
1161_61241,2014,0.01824081467601535
1161_61241,2015,0.24078549429734164
1161_61241,2016,0.708820303506408
1161_61241,2017,0.04991797565757272
1161_61241,2020,0.10799781526834984
1161_61241,2021,0.035408856343979056
1161_61241,2022,0.025384491828066236
1164_11042,2000,0.40674856656167235
1166_11077,2000,0.19114724472071776
1166_11077,2003,0.27104370091289176
1166_11077,2004,0.3449748660366153
1166_11077,2005,0.36613359720167893
1166_11077,2006,0.19130636550115876
1166_11077,2008,0.30480709928231864
1166_11077,2009,0.03163486159854845
1166_11077,2010,0.02367521282677021
1166_11077,2011,0.006036838107005615
1166_11077,2014,0.41702297337455463
1173_11157,2000,0.11913245548318319
1173_11157,2004,0.6541132314646563
1173_11157,2005,0.8645899116076892
1173_11157,2006,0.38126189650576503
1173_11157,2008,0.8144473825003937
1173_11157,2009,0.8125007841774217
1173_11157,2010,0.8352752075529124
1173_11157,2011,0.5047066383947905
1177_88845,2003,0.11000760731093673
1177_88845,2004,0.1967305014240025
1177_88845,2005,0.914737634005252
1177_88845,2006,0.43624352977827374
1177_88845,2008,0.3131202553571073
1177_88845,2009,0.21237964720478864
1177_88845,2010,0.04733709063922997
1177_88845,2011,0.019209005495003928
1177_88845,2014,0.040220930183997305
1177_88845,2015,0.13621270134435737
1177_88845,2016,0.023113631661141443
1177_88845,2017,0.3182731595111784
1186_78223,2000,0.8161294086505146
1186_78223,2003,0.513246125827014
1186_78223,2004,0.08238824026109315
1186_78223,2005,0.24377350637170314
1186_78223,2006,0.7649433603483509
1186_78223,2008,0.30870733555466423
1186_78223,2009,0.14283738187084238
1186_78223,2010,0.33236569029122176
1186_78223,2011,0.7233684815325601
1186_78223,2014,0.9945166396936524
1186_78223,2015,0.6591117839017357
1186_78223,2016,0.9973966061736388
1186_78223,2017,0.28270539324866184
1186_78223,2020,0.3518344144680883
1186_78223,2021,0.6500657311137952
1186_78223,2022,0.43321055206635484
1209_28222,2000,0.312047493099857
1209_28222,2003,0.23103949073379093
1209_28222,2004,0.14147710107799671
1209_28222,2005,0.08456151858070116
1209_28222,2006,0.08435320801394908
1209_28222,2008,0.10993792966862626
1209_28222,2009,0.0243121294054941
1209_28222,2010,0.032588307642151926
1209_28222,2011,0.04730725834140759
1209_28222,2014,0.09745609250022547
1209_28222,2015,0.0508115747188137
1209_28222,2016,0.17952072804991237
1209_28222,2017,0.05291447455302045
1209_28222,2020,0.1655682172333689
1209_28222,2021,0.07765393622112471
1209_28222,2022,0.2518639667473501
1210_11368,2000,0.7359803861832273
1210_11368,2003,0.2988245317045066
1210_11368,2004,0.9995342383834972
1210_11368,2005,0.3262575426675589
1210_11368,2006,0.8039348262038116
1210_11368,2008,0.27809667646896263
1210_11368,2009,0.16599228654296083
1210_11368,2010,0.8485407306879309
1210_11368,2011,0.5782650117547861
1210_11368,2014,0.9751452644971704
1210_11368,2015,0.6482590764661731
1210_11368,2016,0.9146062579075032
1210_11368,2017,0.6234242428805117
1210_11368,2020,0.2542717575419672
1210_11368,2021,0.5844417357845914
1210_11368,2022,0.9234328045040402
1213_51721,2000,0.15749633237518934
1228_11456,2000,0.6202308984095228
1228_11456,2003,0.8584328876710126
1228_11456,2004,0.9885594183388019
1228_11456,2005,0.4729670799173544
1228_11456,2006,0.8219853151748095
1228_11456,2008,0.3168336890084794
1228_11456,2009,0.37686765220051743
1228_11456,2010,0.8661630269460772
1230_28804,2000,0.20989951058887246
1230_28804,2003,0.10428467103196493
1230_28804,2004,0.22461077812142272
1230_28804,2005,0.23209857001748535
1230_28804,2006,0.24394759090437101
1230_28804,2008,0.19696332664982508
1230_28804,2009,0.11479680320192409
1230_28804,2010,0.1255240360623029
1230_28804,2011,0.33627656341688783
1230_28804,2014,0.4884075110003018
1230_28804,2015,0.04503039815491616
1230_28804,2016,0.2562253076851776
1230_28804,2017,0.46357269078018504
1230_28804,2020,0.13365997847713484
1230_28804,2021,0.16417015932428347
1230_28804,2022,0.010495182894575072
1234_11587,2000,0.648570114002968
1234_11587,2003,0.931312111389338
1234_11587,2004,0.385716431647117
1234_11587,2005,0.9873357110197618
1234_11587,2006,0.5280415610424101
1234_11587,2008,0.007474477193521678
1234_11587,2009,0.10682909647622918
1234_11587,2010,0.10879390992077154
1234_11587,2011,0.5863645963111069
1234_11587,2014,0.9994155723382522
1234_11587,2015,0.8905084492833425
1234_11587,2016,0.5583917039765967
1234_11587,2017,0.9986381649063845
1234_11587,2020,0.3079555529643574
1234_11587,2021,0.19301958280617693
1234_11587,2022,0.6901950742123575
1238_82233,2000,0.5012847874008483
1239_42083,2000,0.5450196470180326
1239_42083,2003,0.6984872765395831
1239_42083,2004,0.05943416420467362
1239_42083,2005,0.7349157627564893
1239_42083,2006,0.9448894667345957
1239_42083,2008,0.15218208309280645
1239_42083,2009,0.6162535623843887
1239_69163,2000,0.7188613090344327
1240_50032,2000,0.8098396042220507
1240_50032,2003,0.4830477866695866
1240_50032,2004,0.3556926195865122
1243_24264,2000,0.3778451224788264
1243_24264,2003,0.08760868719704196
1243_24264,2004,0.19720646845840117
1243_24264,2005,0.27035448663026274
1243_24264,2006,0.606945021431418
1244_11624,2000,0.9866350660904596
1244_11624,2003,0.9947347445222634
1246_48514,2000,0.6047936633458987
1246_48514,2003,0.32752821779766506
1246_48514,2004,0.4588561331573934
1246_48514,2005,0.3421129032902931
1246_48514,2006,0.28006948771637585
1254_11691,2000,0.43172869693434235
1254_11691,2003,0.052179396618378004
1254_11691,2004,0.3700773454885158
1254_11691,2005,0.06397972491258208
1254_11691,2006,0.2563131740457102
1254_11691,2008,0.22191391049216647
1254_11691,2009,0.10278370318094066
1254_11691,2010,0.11967357496849074
1254_11691,2011,0.08985794374365785
1254_11691,2014,0.8223966057240393
1254_11691,2015,0.1832126273725052
1254_11691,2016,0.17163201858245303
1254_11691,2017,0.7680995339365138
1254_11691,2020,0.23778450256412587
1254_11691,2021,0.3420524870893311
1254_11691,2022,0.13084908560771624
1257_49330,2000,0.2677215998590873
1257_49330,2003,0.46022098278354606
1257_49330,2004,0.5936940716414943
1257_49330,2005,0.06454309344018339
1257_49330,2006,0.035051700441279254
1257_49330,2008,0.26945279548860646
1257_49330,2009,0.1256541214516097
1257_49330,2010,0.127762446063852
1257_49330,2011,0.1417228198782221
1257_49330,2014,0.9350550969927576
1257_49330,2015,0.03091857147481325
1257_49330,2016,0.13207263403746416
1257_49330,2017,0.8650649981160446
1257_49330,2020,0.3771434867846698
1257_49330,2021,0.0801917560160208
1257_49330,2022,0.1983931983949977
1259_11739,2005,0.7626403756495714
1259_11739,2006,0.9747866370422448
1263_22182,2022,0.3233017234994795
1266_11790,2000,0.5400780049072906
1266_11790,2003,0.40022831003582626
1266_11790,2004,0.18666482931711648
1266_11790,2005,0.14669000172208202
1266_11790,2006,0.6612596661414436
1266_11790,2008,0.23446109742314292
1266_11790,2009,0.03621095091115001
1266_11790,2010,0.11469801752722941
1266_11790,2011,0.20867831978199247
1266_11790,2014,0.979858475913959
1266_11790,2015,0.6669332527571654
1266_11790,2016,0.26341335870583926
1266_11790,2017,0.9953841862673044
1266_11790,2020,0.2720553695004483
1266_11790,2021,0.669169248528009
1266_11790,2022,0.7379280555583636
1274_71271,2000,0.6722789198985321
1274_71271,2003,0.5047291768445201
1274_71271,2004,0.7086720947491967
1274_71271,2005,0.5511183877139774
1274_71271,2006,0.5539519477815784
1274_71271,2008,0.03475059295055871
1274_71271,2009,0.180576492673991
1274_71271,2010,0.06312580746984275
1274_71271,2011,0.035789708986615376
1274_71271,2014,0.08694235992039245
1274_71271,2015,0.06983683173906796
1274_71271,2016,0.09287652373880417
1274_71271,2017,0.13867103686361926
1274_71271,2020,0.13753219742641198
1274_71271,2021,0.5157343904613535
1279_10137,2000,0.7246339175699139
1279_10137,2003,0.1325984341977069
1279_10137,2004,0.12574878014494562
1279_10137,2005,0.06046420232178884
1279_10137,2006,0.3296112181179064
1279_10137,2008,0.11153692283291883
1279_10137,2009,0.2543169306748988
1281_44740,2000,0.2723634432843889
1283_11851,2000,0.22797180103343628
1283_11851,2003,0.9002555294179447
1300_10145,2000,0.1555612283579837
1300_10145,2003,0.030908461139876664
1300_10145,2004,0.24333601699087692
1300_10145,2005,0.1380440392930511
1300_10145,2006,0.1358780270446791
1300_10145,2008,0.03644262342974336
1300_10145,2009,0.007408166801698313
1300_10145,2010,0.010640001029998958
1300_10145,2011,0.013489845547284607
1300_10145,2014,0.04557619928443102
1300_10145,2015,0.03135579556848678
1300_10145,2016,0.13857152691243868
1300_10145,2017,0.12343267429824611
1300_10145,2020,0.03945412747085886
1300_10145,2021,0.05748937542689092
1300_10145,2022,0.05208715787474694
1308_90335,2005,0.5365670484291176
1308_90335,2006,0.6886617392166448
1308_90335,2008,0.0779722031971104
1308_90335,2009,0.09781843537705615
1318_41443,2000,0.1859128355091444
1318_41443,2003,0.17989492623863113
1318_41443,2004,0.37873637729616716
1318_41443,2005,0.14305813999574613
1318_41443,2006,0.5028086802180038
1324_12002,2000,0.8227493749292452
1327_45911,2000,0.14129280982024772
1327_45911,2003,0.1055506884747498
1327_45911,2004,0.14196784228209747
1327_45911,2005,0.10019112643385453
1327_45911,2006,0.4606696159782545
1327_45911,2008,0.28328103997676835
1327_45911,2009,0.1334075645036341
1327_45911,2010,0.1815395880747218
1327_45911,2011,0.08033977856796282
1327_45911,2014,0.07563301464461647
1327_45911,2015,0.05160493686988665
1327_45911,2016,0.23676207359106072
1327_45911,2017,0.3762042188029342
1327_45911,2020,0.017008142800156834
1327_45911,2021,0.02432670956334848
1327_45911,2022,0.0443393376552067
1331_68814,2000,0.7514259771217966
1334_12117,2000,0.7039004160071509
1356_24643,2000,0.1752470479813112
1356_24643,2003,0.09229090349349456
1356_24643,2004,0.16761914794773536
1356_24643,2005,0.22429672240447096
1356_24643,2006,0.30275589897031163
1356_24643,2008,0.05684200786403837
1356_24643,2009,0.036427935120745714
1356_24643,2010,0.026840608890585482
1356_24643,2011,0.01961965625695694
1356_24643,2014,0.10741757430178611
1356_24643,2015,0.06918550239928467
1360_84260,2000,0.30017550149823513
1360_84260,2003,0.9867393076703681
1360_84260,2004,0.7140308419042443
1360_84260,2005,0.9792393175385931
1360_84260,2006,0.7838869071836929
1363_12221,2000,0.37172728928344434
1363_12221,2003,0.8848713973618498
1372_12320,2000,0.8959645546542379
1380_28484,2000,0.20938895101056398
1380_28484,2003,0.42295712615573433
1380_28484,2004,0.6004407845676408
1380_28484,2005,0.6533755209827992
1380_28484,2006,0.8276777965388704
1380_28484,2008,0.16816146736146742
1380_28484,2009,0.044450786430741074
1380_28484,2010,0.12245284768078912
1380_28484,2011,0.011920931755253439
1380_28484,2014,0.0028549356958467165
1380_28484,2015,0.052098419531230844
1380_28484,2016,0.10499764715101889
1380_28484,2017,0.28987874554829773
1380_28484,2020,0.24213989790817636
1380_28484,2021,0.2173025268250406
1380_28484,2022,0.24011444925831027
1382_80778,2000,0.5028177197479864
1382_80778,2003,0.1550534522607887
1382_80778,2004,0.3213572648744788
1382_90893,2006,0.04458152179529218
1382_90893,2008,0.22146190203866856
1382_90893,2009,0.1511298175841167
1382_90893,2010,0.3326263949062205
1382_90893,2011,0.029521135637711304
1393_81073,2000,0.39980512287531944
1393_81073,2003,0.9131446510126032
1393_81073,2004,0.36749131674751245
1393_81073,2005,0.13123278735035893
1393_81073,2006,0.16489058400373968
1393_81073,2008,0.07671486045429343
1393_81073,2009,0.18742627367427367
1393_81073,2010,0.2231065332209936
1393_81073,2011,0.0822794571950054
1393_81073,2014,0.08797944210976993
1393_81073,2015,0.16850572421394927
1393_81073,2016,0.10394892193829264
1393_81073,2017,0.3048455790373745
1393_81073,2020,0.2991343105250285
1393_81073,2021,0.048779700262442494
1393_81073,2022,0.8213024423716536
1397_39482,2000,0.9822440757929918
1397_39482,2003,0.9954634185468438
1397_39482,2004,0.9009555479418154
1397_39482,2005,0.4459601952723855
1397_39482,2006,0.9801438477924884
1397_39482,2008,0.6188580110124475
1397_39482,2009,0.9796535427221804
1397_39482,2010,0.7320223248212654
1408_10225,2000,0.5307674643604404
1408_10225,2003,0.5114560114051823
1408_10225,2004,0.38211515772701266
1408_10225,2005,0.20421280573036504
1408_10225,2006,0.03350115729778824
1408_10225,2008,0.18249163836352522
1408_10225,2009,0.011962485178582893
1408_10225,2010,0.10390325052732119
1408_10225,2011,0.03143554639093804
1410_47730,2000,0.7446207679223689
1410_47730,2003,0.11120833503358674
1410_47730,2004,0.11002307217499652
1410_47730,2005,0.5232265959065479
1410_47730,2006,0.27430853090841745
1410_47730,2008,0.0831178799351674
1410_47730,2009,0.06977017369125893
1410_47730,2010,0.047657434798493825
1410_47730,2011,0.001097013182629003
1410_47730,2014,0.31185696025850806
1410_47730,2015,0.31756759698113257
1410_47730,2016,0.22952650889241455
1410_47730,2017,0.19292845373275236
1410_47730,2020,0.028120928477145646
1410_47730,2021,0.1359585361015777
1410_47730,2022,0.10113555431294563
1414_93330,2010,0.1303340190327933
1414_93330,2011,0.1813179945185106
1414_93330,2014,0.265504698005001
1414_93330,2015,0.04201406386883766
1414_93330,2016,0.2946970651494554
1414_93330,2017,0.27645791903342576
1414_93330,2020,0.09610372175555237
1414_93330,2021,0.06188605518911994
1414_93330,2022,0.2589872090202131
1417_51916,2000,0.9746970395861473
1417_51916,2003,0.6255218671221867
1417_51916,2004,0.6690960299348917
1417_51916,2005,0.9760979992407413
1417_51916,2006,0.8808346832605087
1417_51916,2008,0.4114886432051126
1417_51916,2009,0.23435316469075518
1417_51916,2010,0.8143708205869813
1417_51916,2011,0.7418447289794545
1417_51916,2014,0.6967072617876524
1417_51916,2015,0.7322398921468289
1417_51916,2016,0.7100861018112294
1417_51916,2017,0.6476970332085068
1417_51916,2020,0.9900765655865887
1417_51916,2021,0.26092910565485405
1417_51916,2022,0.42216536965615736
1439_12758,2000,0.12500967498543125
1439_12758,2003,0.24682316938013193
1439_12758,2004,0.3489584948418907
1439_12758,2005,0.6199171308323218
1439_12758,2006,0.43033258121909024
1439_12758,2008,0.4701192059149987
1439_12758,2009,0.04668401234800035
1439_12758,2010,0.11360363671407836
1439_12758,2011,0.008531342518063423
1439_12758,2014,0.9616270933245067
1439_12758,2015,0.2715611731506402
1439_12758,2016,0.20224285334221126
1439_12758,2017,0.6283692120065998
1439_12758,2020,0.05603309604554829
1440_24109,2000,0.6575757574523469
1440_24109,2003,0.3079381686009611
1440_24109,2004,0.2068504678765689
1440_24109,2005,0.24604682811477674
1440_24109,2006,0.48905078958860415
1440_24109,2008,0.11021850769367258
1440_24109,2009,0.015450480225462027
1440_24109,2010,0.31353032786667867
1440_24109,2011,0.18404378526709808
1440_24109,2014,0.42152169143231377
1440_24109,2015,0.8744530274594414
1440_24109,2016,0.6572489570508674
1440_24109,2017,0.8069234505883026
1440_24109,2020,0.6940008361877588
1440_24109,2021,0.3499943361191946
1440_24109,2022,0.2317816274303387
1441_88851,2003,0.591382904520851
1441_88851,2004,0.947592042955981
1441_88851,2005,0.4815462226507281
1441_88851,2006,0.49345421561057046
1444_12627,2000,0.7311731424310017
1444_12627,2003,0.29316267725291323
1444_12627,2004,0.999666023102416
1447_59176,2000,0.08953320488934202
1447_59176,2003,0.08945199137617332
1447_59176,2004,0.06692663436627588
1447_59176,2005,0.061489477345227694
1447_59176,2006,0.13080820254917724
1447_59176,2008,0.0336309596677179
1447_59176,2009,0.04229829944547692
1447_59176,2010,0.05903233289567533
1447_59176,2011,0.05139168478418987
1447_59176,2014,0.010447222166853232
1447_59176,2015,0.16223013452945745
1447_59176,2016,0.11556420281825497
1447_59176,2017,0.10817981760367656
1447_59176,2020,0.08725551512704866
1447_59176,2021,0.05387098935371781
1447_59176,2022,0.03914302804283232
1449_57904,2000,0.4970940573505306
1449_57904,2003,0.509162909659104
1449_57904,2004,0.280490797441849
1449_57904,2005,0.40941992469298305
1449_57904,2006,0.2971557239645266
1449_57904,2008,0.045844846745555556
1449_57904,2009,0.04382602037695793
1449_57904,2010,0.059294674289401494
1449_57904,2011,0.032529282886948785
1449_57904,2014,0.0872942922331511
1449_57904,2015,0.05632627361989406
1449_57904,2016,0.30081791784065426
1449_57904,2017,0.06726983308743462
1449_57904,2020,0.19064697396008012
1449_57904,2021,0.059486807599094305
1449_57904,2022,0.06141717796238566
1465_48397,2000,0.8240957917606793
1468_13056,2000,0.7659140170578169
1468_13056,2003,0.09940076601815251
1468_13056,2004,0.19980941558458787
1468_13056,2005,0.9168715127551191
1468_13056,2006,0.5898324567822303
1468_13056,2008,0.04739940803232012
1468_13056,2009,0.07314723251545097
1468_13056,2010,0.10054072736254216
1468_13056,2011,0.16918022707127345
1478_15667,2000,0.9999991036716792
1478_15667,2003,0.4029210435949532
1478_15667,2004,0.3935729006266029
1478_15667,2005,0.40731776719943047
1478_15667,2006,0.23776560791205203
1478_15667,2008,0.06631436272904234
1487_66800,2000,0.08939757562081407
1487_66800,2003,0.06626147205589072
1487_66800,2004,0.5526808024055506
1487_66800,2005,0.05463237787320674
1487_66800,2006,0.2073612941708345
1487_66800,2008,0.15406923101152703
1487_66800,2009,0.8061016012927087
1487_66800,2010,0.15112267172215765
1487_66800,2011,0.029931275351199105
1487_66800,2014,0.08843911092530998
1487_66800,2015,0.03889679044164962
1487_66800,2016,0.5490562954192838
1487_66800,2017,0.5623752947949727
1487_66800,2020,0.37614594102287247
1487_66800,2021,0.08135786859173055
1487_66800,2022,0.09668736379191589
1491_29014,2000,0.7254090741373017
1491_29014,2003,0.13760043277731004
1491_29014,2004,0.1861580833281783
1491_29014,2005,0.5989367299953998
1491_29014,2006,0.7866554509358934
1491_29014,2008,0.08307832538605542
1491_29014,2009,0.44862714326098996
1491_29014,2010,0.26389384482799005
1496_10488,2000,0.7806094667253936
1496_10488,2003,0.9690614845741637
1496_10488,2004,0.856555510229611
1500_13304,2000,0.23611280907220966
1518_85404,2000,0.6744813466807014
1518_85404,2003,0.9999884811747807
1518_85404,2004,0.6999555114594163
1518_85404,2005,0.9693049275715637
1518_85404,2006,0.9655817983916442
1518_85404,2008,0.9896906695205058
1523_13470,2000,0.4987972402355607
1523_13470,2003,0.6177577922673827
1523_13470,2004,0.7357849956368905
1523_13470,2005,0.28714462197646773
1523_13470,2006,0.825893311898939
1523_13470,2008,0.90874027587182
1523_13470,2009,0.15701521282729747
1523_13470,2010,0.8489333713644294
1526_13507,2000,0.37440914111528656
1526_13507,2003,0.5591148569402506
1526_13507,2004,0.17874943513149277
1526_13507,2005,0.3429942817456739
1526_13507,2006,0.9841074096749843
1526_13507,2008,0.056207516701612836
1526_13507,2009,0.08574969559986512
1526_13507,2010,0.12455932535529257
1526_13507,2011,0.11101865674846145
1526_13507,2014,0.10344301471949524
1526_13507,2015,0.01951305377375101
1526_13507,2016,0.022068853005461686
1526_13507,2017,0.10487986729474319
1526_13507,2020,0.6188719163052382
1533_85439,2000,0.8742770736657886
1533_85439,2003,0.44316886600488636
1533_85439,2004,0.6533308305060723
1533_85439,2005,0.6414017520652535
1533_85439,2006,0.9829202272202402
1533_85439,2008,0.49539043832487195
1533_85439,2009,0.2512728968800855
1533_85439,2010,0.9956361383463197
1533_85439,2011,0.4295994765542519
1539_13603,2000,0.9825665630768478
1539_13603,2003,0.15281268394335024
1539_13603,2004,0.9999222908265875
1539_13603,2005,0.9961805763009285
1539_13603,2006,0.49784133065599345
1539_13603,2008,0.08401000225863575
1539_13603,2009,0.6291740807548728
1545_49322,2000,0.5339473900858589
1545_49322,2003,0.7570728270740806
1545_49322,2004,0.3507152225722634
1545_49322,2005,0.3801424347684922
1545_49322,2006,0.7498609049240941
1545_49322,2008,0.7996197151050042
1545_49322,2009,0.2182967766613394
1545_49322,2010,0.8357840701140059
1545_49322,2011,0.5184782947825601
1545_49322,2014,0.8112386389796344
1545_49322,2015,0.9572854524269128
1545_49322,2016,0.9528873075180816
1545_49322,2017,0.2335137770974901
1545_49322,2020,0.40548719334326955
1545_49322,2021,0.65564839173445
1545_49322,2022,0.9999940002016257
1554_58560,2000,0.8070736664033018
1554_58560,2003,0.8893052725914629
1554_58560,2004,0.7877821428448422
1554_58560,2005,0.864861022892447
1554_58560,2006,0.2425909492859445
1554_58560,2008,0.4217439555862391
1554_58560,2009,0.23042578133523883
1554_58560,2010,0.08309834874824162
1554_58560,2011,0.12979571033721105
1554_58560,2014,0.8546135582489737
1554_58560,2015,0.3843691131018039
1559_13769,2000,0.8985199894897116
1559_13769,2003,0.9758150860769752
1559_13769,2004,0.6136123201711818
1559_13769,2005,0.5342221779350795
1559_13769,2006,0.7342160165602296
1559_13769,2008,0.7287153953360656
1559_13769,2009,0.08730997754068881
1559_13769,2010,0.28851183422848237
1559_13769,2011,0.8959073654929925
1559_13769,2014,0.9936519551688194
1559_13769,2015,0.9621327173212553
1559_13769,2016,0.9562144976789503
1559_13769,2017,0.5911790322824415
1559_13769,2020,0.1161301860326166
1559_13769,2021,0.5440689005175801
1559_13769,2022,0.6343463757949712
1562_13777,2000,0.2618706166391964
1562_13777,2003,0.44517201113900284
1562_13777,2004,0.9985746072427307
1562_13777,2005,0.5649557872267823
1562_13777,2006,0.4881585215542059
1562_13777,2008,0.03194056046854121
1562_13777,2009,0.057475317115337154
1562_13777,2010,0.3949565451070485
1562_13777,2011,0.33095685867237323
1562_13777,2014,0.4864876067671353
1562_13777,2015,0.17219943123122716
1562_13777,2016,0.2679041447361469
1562_13777,2017,0.5547852902091244
1562_13777,2020,0.6791745102672876
1562_13777,2021,0.09086678950451088
1562_13777,2022,0.15920968773736677
1567_81285,2000,0.06472474468138234
1567_81285,2003,0.9466757050981622
1567_81285,2004,0.04997220807086722
1567_81285,2005,0.25404800373517544
1567_81285,2006,0.027434857289204362
1577_69200,2000,0.349601136003478
1577_69200,2003,0.03668445467553616
1577_69200,2004,0.060965147204852244
1577_69200,2005,0.5950407989510631
1577_69200,2006,0.9763869753881922
1581_10401,2000,0.25738159934040583
1581_10401,2003,0.04665422243643291
1581_10401,2004,0.02584710030185544
1585_11144,2000,0.81579517086497
1585_11144,2003,0.8167761304928668
1585_11144,2004,0.24030019583814688
1585_11144,2005,0.3090448713659193
1585_11144,2006,0.3048643873886041
1585_11144,2008,0.18551501117350233
1585_11144,2009,0.22157777928294808
1585_11144,2010,0.6656020513837113
1585_11144,2011,0.15994672390765785
1585_11144,2014,0.7855768729879724
1585_11144,2015,0.33151829767369123
1585_11144,2016,0.475808166967858
1585_11144,2017,0.2565381318560871
1585_11144,2020,0.1714491846832331
1585_11144,2021,0.27532782872463923
1585_11144,2022,0.675336734749047
1587_23544,2000,0.6271083184566428
1593_50091,2000,0.41164084528168754
1593_50091,2003,0.24722491690102566
1593_50091,2004,0.06651907076139385
1593_50091,2005,0.06209937620313011
1593_50091,2006,0.07378833599207868
1593_50091,2008,0.20945982878442004
1593_50091,2009,0.3715089921303085
1593_50091,2010,0.12016171988453495
1594_78120,2000,0.49784789305809485
1598_85257,2000,0.3182080390961094
1598_85257,2003,0.4959903915847852
1598_85257,2004,0.21202373265795793
1598_85257,2005,0.21134296015832987
1598_85257,2006,0.23693320644687488
1598_85257,2008,0.2048062888429547
1598_85257,2009,0.12746952084254803
1598_85257,2010,0.3270610799133947
1598_85257,2011,0.005328830341233881
1598_85257,2014,0.05821962093457678
1598_85257,2015,0.08566366209588583
1598_85257,2016,0.07390323732216975
1598_85257,2017,0.03280250682604191
1598_85257,2020,0.10995429950182833
1598_85257,2021,0.04392191323295691
1598_85257,2022,0.008716661551318117
1602_14008,2000,0.509475148146441
1602_14008,2003,0.21660499596558735
1602_14008,2004,0.2542036941828367
1602_14008,2005,0.5339476091965208
1602_14008,2006,0.07704600292351405
1602_14008,2008,0.2810169057111619
1602_14008,2009,0.33749667292045615
1602_14008,2010,0.29878767185940447
1602_14008,2011,0.08222500737150795
1602_14008,2014,0.04514219916085227
1602_14008,2015,0.12433439264319635
1602_14008,2016,0.22663463463484335
1602_14008,2017,0.1249325759837816
1602_14008,2020,0.3450989201798753
1602_14008,2021,0.3774836465317323
1602_14008,2022,0.972065790161151
1606_14059,2000,0.6512566608149262
1606_14059,2003,0.9959302875902091
1606_14059,2004,0.9838803955962405
1611_64864,2000,0.3720328494783317
1611_64864,2003,0.4759744441933015
1611_64864,2004,0.10939432088432954
1611_64864,2005,0.7024045755207788
1611_64864,2006,0.9781175115991709
1611_64864,2008,0.10606215236925787
1611_64864,2009,0.29350950088893124
1611_64864,2010,0.9286936657918763
1611_64864,2011,0.7803515799373986
1611_64864,2014,0.34401330514058825
1611_64864,2015,0.5641804514680915
1611_64864,2016,0.3559465854394399
1611_64864,2017,0.7166414949521586
1613_18075,2000,0.5843521166885277
1613_18075,2003,0.6705828889433146
1613_18075,2004,0.9200964514006407
1613_18075,2005,0.5142464433067735
1613_18075,2006,0.331002208899125
1613_18075,2008,0.03152386417404196
1613_18075,2009,0.015589813439324751
1613_18075,2010,0.16399882600483628
1613_18075,2011,0.08075002194180714
1613_18075,2014,0.6735326047079546
1613_18075,2015,0.10965266233185422
1613_18075,2016,0.18253537789147045
1613_18075,2017,0.36106689550572635
1613_18075,2020,0.8934023120753147
1613_18075,2021,0.31043391874270776
1613_18075,2022,0.3955612457758396
1618_38746,2000,0.7213680390850915
1618_38746,2003,0.8053389258971342
1618_38746,2004,0.5784013940240099
1618_38746,2005,0.6811281590841548
1618_38746,2006,0.8027403909755422
1618_38746,2008,0.03851200417939127
1618_38746,2009,0.19298523860721195
1618_38746,2010,0.7994952909882185
1618_38746,2011,0.9248945283818751
1618_38746,2014,0.6498837156375883
1618_38746,2015,0.7709505714279331
1618_38746,2016,0.27435258281144115
1618_38746,2017,0.9844060522233756
1618_38746,2020,0.9051320608791698
1618_38746,2021,0.7454452777053489
1618_38746,2022,0.6189559687574713
1619_62770,2000,0.0225963343634632
1619_62770,2003,0.165935664961549
1619_62770,2004,0.2482952397684134
1619_62770,2005,0.2110225940589342
1632_60871,2000,0.21522990469889192
1632_60871,2003,0.17642324769699747
1632_60871,2004,0.15102520797048202
1632_60871,2005,0.14712958101544493
1632_60871,2006,0.9555800943474256
1632_60871,2008,0.06028895311373661
1632_60871,2009,0.07249723910050865
1632_60871,2010,0.14873988908050184
1632_60871,2011,0.013935773685853414
1632_60871,2014,0.0978098420078507
1632_60871,2015,0.08898414676726174
1632_60871,2016,0.2563666679143459
1632_60871,2017,0.058612439598310084
1632_60871,2020,0.08429456279214786
1632_60871,2021,0.10422173004963697
1632_60871,2022,0.02180384826232795
1633_14198,2000,0.9895759619792107
1633_14198,2003,0.2643034938732536
1633_14198,2004,0.15848530955286488
1633_14198,2005,0.2947586087986197
1633_14198,2006,0.5996482148443816
1633_14198,2008,0.22605772284947545
1633_14198,2009,0.2454775087622023
1633_14198,2010,0.015089323810433264
1633_14198,2011,0.010413410901226272
1633_14198,2014,0.8860895464713269
1633_14198,2015,0.06785409708294377
1633_14198,2016,0.34091845154627687
1634_14219,2000,0.09983913257487398
1634_14219,2003,0.30748649634031067
1634_14219,2004,0.3566650114719614
1634_14219,2005,0.48170673722332347
1634_14219,2006,0.9978607226555801
1634_14219,2008,0.30038078408731006
1634_14219,2009,0.93026318792864
1634_14219,2010,0.6889480158907157
1634_14219,2011,0.0775054558059215
1635_14227,2000,0.20649742095990775
1635_14227,2003,0.28788697486801484
1635_14227,2004,0.25241323968963825
1635_14227,2005,0.322710812802399
1635_14227,2006,0.5775562382665805
1635_14227,2008,0.19356535998375002
1635_14227,2009,0.11214394168865771
1635_14227,2010,0.1571332197171137
1635_14227,2011,0.2609201969072462
1641_14286,2000,0.993885020891695
1641_14286,2003,0.5387618871241735
1641_14286,2004,0.8893778223208242
1641_14286,2005,0.9667780866663276
1641_14286,2006,0.9142815904974094
1642_87119,2000,0.6579928018657883
1642_87119,2003,0.9405182167133329
1650_29073,2000,0.5869921832380415
1650_29073,2003,0.9321994854211773
1651_14323,2000,0.390570738364553
1651_14323,2003,0.12008233683885938
1651_14323,2004,0.2303835515064946
1651_14323,2005,0.48137643998599666
1651_14323,2006,0.21794679558735142
1655_45583,2000,0.45599098631495727
1655_45583,2003,0.12588992372713026
1655_45583,2004,0.21322124562664635
1655_45583,2005,0.3398485715205153
1655_45583,2006,0.5500363478851312
1659_83112,2000,0.8204362967864232
1659_83112,2003,0.9126819979029254
1659_83112,2004,0.9972823075593261
1659_83112,2005,0.2411326187593158
1659_83112,2006,0.7400025630490339
1659_83112,2008,0.4708089726674036
1659_83112,2009,0.23822113856353444
1659_83112,2010,0.3028488042882227
1659_83112,2011,0.2851677699239038
1659_83112,2014,0.4100866715577549
1659_83112,2015,0.22476348974123062
1659_83112,2016,0.5294089599954366
1659_83112,2017,0.12594612518542958
1659_83112,2020,0.38936573654790363
1659_83112,2021,0.4598809373249475
1659_83112,2022,0.392591664415355
1661_29102,2000,0.3698955348376539
1661_29102,2003,0.45126614631199335
1661_29102,2004,0.6274977513335633
1661_29102,2005,0.7160093999876647
1661_29102,2006,0.34779963657158797
1661_29102,2008,0.064420292362945
1661_29102,2009,0.07393236744738463
1661_29102,2010,0.2588350155502369
1661_29102,2011,0.0942063030475554
1661_29102,2014,0.05801796628541622
1661_29102,2015,0.03221660767679968
1661_29102,2016,0.14525130406261477
1661_29102,2017,0.6686104997731576
1661_29102,2020,0.21400343108660447
1661_29102,2021,0.25280783383621896
1661_29102,2022,0.3049387132370379
1663_59184,2000,0.8236483716629438
1663_59184,2003,0.7083764081929267
1663_59184,2004,0.1657704951171609
1663_59184,2005,0.09189131362520464
1663_59184,2006,0.553803866507409
1669_77828,2000,0.8894668729914246
1669_77828,2003,0.41432865927162343
1669_77828,2004,0.9386462421502093
1669_77828,2005,0.8970577303889581
1669_77828,2006,0.8662403884744794
1677_29145,2000,0.9944848616747035
1677_29145,2003,0.13415810871428158
1677_29145,2004,0.24547775615743928
1677_29145,2005,0.10769659332152326
1677_29145,2006,0.26936502269772267
1678_39490,2000,0.4820587506559918
1678_39490,2003,0.9314373292833287
1678_39490,2004,0.6326124811323581
1678_39490,2005,0.16960364281534723
1678_39490,2006,0.5151862827131523
1678_39490,2008,0.024773012125754224
1678_39490,2009,0.04224499640469881
1678_39490,2010,0.03115265451404603
1678_39490,2011,0.018847672321591236
1678_39490,2014,0.02489036572263581
1678_39490,2015,0.1410000237168707
1678_39490,2016,0.5502275298894173
1678_39490,2017,0.1576057912992559
1678_39490,2020,0.4097765519804343
1678_39490,2021,0.11369092133670933
1678_39490,2022,0.3673095291099009
1682_78231,2000,0.8715769521915493
1682_78231,2003,0.8740656142435811
1682_78231,2004,0.8615925024792975
1682_78231,2005,0.394640668894536
1682_78231,2006,0.7459901493292189
1682_78231,2008,0.2002201393280998
1682_78231,2009,0.19930263235098455
1682_78231,2010,0.23907251168633925
1682_78231,2011,0.06777404410095034
1686_14526,2000,0.5895461322543738
1686_14526,2003,0.09175540108195301
1686_14526,2004,0.16746006849109651
1686_14526,2005,0.16807195424520338
1686_14526,2006,0.3056785352592317
1686_14526,2008,0.06400165507138078
1686_14526,2009,0.04243662325337594
1686_14526,2010,0.18625096524864848
1686_14526,2011,0.08895954715422427
1686_14526,2014,0.11371759978472284
1686_14526,2015,0.19072622360124902
1686_14526,2016,0.30346645524845395
1686_14526,2017,0.5339585030766607
1686_14526,2020,0.5897354163643184
1686_14526,2021,0.24072738846390385
1686_14526,2022,0.03795618669457623
1690_14593,2000,0.1520648140253189
1690_14593,2003,0.1757171752535085
1690_14593,2004,0.21663568288632107
1690_14593,2005,0.2841834905125197
1690_14593,2006,0.480486235554328
1690_14593,2008,0.06578313983264839
1690_14593,2009,0.05453043166409366
1690_14593,2010,0.11568164594676233
1690_14593,2011,0.12956845855703658
1690_14593,2014,0.015244702278812472
1690_14593,2015,0.1071346248943913
1690_14593,2016,0.6500834499014003
1690_14593,2017,0.42605101084508346
1690_14593,2020,0.8699251887681522
1690_14593,2021,0.019406617984369268
1690_14593,2022,0.02660621037513966
1704_14702,2000,0.14520458632158462
1704_14702,2003,0.4071967861189293
1704_14702,2004,0.07232522730580226
1704_14702,2005,0.04240307573123536
1704_14702,2006,0.46701612520678326
1704_14702,2008,0.018273050656505863
1704_14702,2009,0.04745761203127752
1704_14702,2010,0.10629398859006167
1704_14702,2011,0.07978987486832212
1704_14702,2014,0.02697952624968336
1704_14702,2015,0.0728276786355434
1704_14702,2016,0.4320273388603021
1704_14702,2017,0.22923287851751073
1704_14702,2020,0.054944406682588154
1704_14702,2021,0.08927710522900967
1704_14702,2022,0.03302073071873968
1706_11581,2000,0.9218665413792008
1706_11581,2003,0.1843283072300943
1706_11581,2004,0.17629893073567415
1706_11581,2005,0.27909401624740793
1706_11581,2006,0.12476585127077344
1706_11581,2008,0.19766293598309925
1706_11581,2009,0.05544544448716748
1706_11581,2010,0.13944757813482034
1706_11581,2011,0.027294559023153142
1706_11581,2014,0.11991466839593268
1706_11581,2015,0.044526191069490406
1706_11581,2016,0.066048367678744
1706_11581,2017,0.20155214153093137
1706_11581,2020,0.3414933734912108
1706_11581,2021,0.16609898896337427
1706_11581,2022,0.24421975354180392
1712_14761,2000,0.9688914572130735
1712_14761,2004,0.9837427180943767
1712_14761,2005,0.589175467255013
1712_14761,2006,0.9909950119004169
1712_14761,2008,0.7946989829248869
1712_14761,2009,0.39015458460788544
1712_14761,2010,0.19439167264777912
1712_14761,2011,0.5727586244163236
1712_14761,2014,0.34368761988362584
1712_14761,2015,0.018608232537981828
1712_14761,2016,0.11934597921183898
1712_14761,2017,0.4703062608226187
1712_14761,2020,0.19795899442591436
1722_10516,2000,0.8070166182177271
1722_10516,2003,0.14563422568046458
1722_10516,2004,0.24663867676222428
1722_10516,2005,0.16883003285607945
1722_10516,2006,0.7397277963888617
1722_10516,2008,0.26683789564453053
1722_10516,2009,0.10848651831062583
1722_10516,2010,0.10818925496848697
1722_10516,2011,0.025960233811599953
1722_10516,2014,0.18369268925856452
1722_10516,2015,0.14739805889608537
1722_10516,2016,0.7656598730318124
1722_10516,2017,0.6632011138463911
1722_10516,2020,0.5618445921238946
1722_10516,2021,0.2478747701554571
1722_10516,2022,0.4068998738552786
1728_14868,2000,0.41371346107908025
1728_14868,2003,0.43950501682789633
1728_14868,2004,0.7166448628237658
1728_14868,2005,0.25078721737831566
1728_14868,2006,0.5712620615188216
1728_14868,2008,0.3120249471198735
1728_14868,2009,0.053443435028090125
1728_14868,2010,0.01481421541332728
1728_14868,2011,0.1571550324307165
1743_77595,2000,0.2936165126377819
1743_77595,2003,0.3983377087089297
1743_77595,2004,0.014847031790574228
1743_77595,2005,0.35741175024779803
1743_77595,2006,0.10333729928548796
1743_77595,2008,0.17886828280549505
1743_77595,2009,0.4236933485749098
1743_77595,2010,0.09452172558387184
1743_77595,2011,0.04124362707694662
1743_77595,2014,0.14846057703973592
1743_77595,2015,0.11124836999016396
1743_77595,2016,0.2750353979064851
1743_77595,2017,0.26434435585540295
1743_77595,2020,0.13758940199404657
1743_77595,2021,0.010238121664443933
1743_77595,2022,0.02823268916724253
1762_19692,2000,0.9656381789138294
1766_15035,2000,0.4478600765650168
1773_29209,2000,0.0476344362507396
1773_29209,2003,0.11065357265991971
1773_29209,2004,0.06359990830689677
1773_29209,2005,0.03254800653081691
1773_29209,2006,0.40407802670463977
1773_29209,2008,0.09359910236212143
1773_29209,2009,0.023173071084858443
1773_29209,2010,0.1072890227188813
1773_29209,2011,0.024392015139315548
1773_29209,2014,0.02642961667659971
1773_29209,2015,0.19517462940798247
1773_29209,2016,0.13449790877206014
1773_29209,2017,0.04775947463694519
1773_29209,2020,0.0881950916909654
1773_29209,2021,0.05654127960924482
1773_29209,2022,0.060586468225471646
1781_31472,2000,0.6356264385461456
1783_15203,2000,0.8703461641508419
1783_15203,2003,0.9960595978415614
1783_15203,2004,0.8580375220237072
1783_15203,2005,0.74859088341592
1783_15203,2006,0.9970714395388292
1783_15203,2008,0.31575150235497773
1783_15203,2009,0.3764814103662666
1783_15203,2010,0.2864983559498927
1783_15203,2011,0.2770759586844457
1783_15203,2014,0.5649087701235556
1783_15203,2015,0.9502335738025198
1783_15203,2016,0.6353246556298915
1783_15203,2017,0.30572297493071443
1783_15203,2020,0.42229351490711264
1783_15203,2021,0.6118407959856973
1783_15203,2022,0.9756670513293143
1794_24272,2000,0.2712332046074146
1794_24272,2003,0.24748050333734095
1794_24272,2004,0.19748894478074708
1794_24272,2005,0.19286064982133888
1794_24272,2006,0.14365163082662147
1794_24272,2008,0.47848677340082124
1794_24272,2009,0.012953904006405614
1794_24272,2010,0.08854796382605046
1794_24272,2011,0.020849746384913104
1794_24272,2014,0.13621023435554824
1794_24272,2015,0.05267559465186422
1794_24272,2016,0.19051494818555337
1794_24272,2017,0.11051935709409633
1794_24272,2020,0.13993547344475132
1794_24272,2021,0.045736667900872385
1794_24272,2022,0.1555123558421171
1820_15537,2000,0.49848685654716485
1820_15537,2003,0.27369402544666876
1820_15537,2004,0.9999799893235625
1820_15537,2005,0.9992369006731278
1820_15537,2006,0.8203820733281437
1820_15537,2008,0.29262763667771663
1820_15537,2009,0.9483484101722733
1820_15537,2010,0.3186065053883588
1820_15537,2011,0.3614905148894776
1820_15537,2014,0.42856292703399945
1820_15537,2015,0.9064719395923807
1820_15537,2016,0.7659752394722135
1820_15537,2017,0.786105046122784
1820_15537,2020,0.8363545376735473
1820_15537,2021,0.41763630594929435
1820_15537,2022,0.6502360176067885
1823_15457,2000,0.8981941770815332
1823_15457,2003,0.8931733071398069
1823_15457,2004,0.7029612385544164
1823_15457,2005,0.47335966915294214
1823_15457,2006,0.2977614913476174
1823_15457,2008,0.0576775487302732
1823_15457,2009,0.3649329288760609
1823_15457,2010,0.0505305822639559
1823_15457,2011,0.464948648523991
1823_15457,2014,0.5408126849080765
1823_15457,2015,0.5421108853655139
1823_15457,2016,0.4756788509396671
1823_15457,2017,0.14930701214123
1823_15457,2020,0.2769873376654718
1823_15457,2021,0.6740905556198047
1823_15457,2022,0.5289474871545103
1837_15553,2000,0.9580109124827328
1837_15553,2003,0.21398693612523667
1837_15553,2004,0.2001375012319747
1837_15553,2005,0.19815526368452296
1837_15553,2006,0.22180026569284828
1837_15553,2008,0.024927828863076318
1837_15553,2009,0.03428058309133353
1837_15553,2010,0.048019363623678535
1837_15553,2011,0.07880307624809801
1837_15553,2014,0.4939282930773008
1837_15553,2015,0.05732753366406007
1860_15721,2000,0.37799652729696787
1860_15721,2003,0.4638249191795414
1860_15721,2004,0.7705736729090854
1860_15721,2005,0.1531927205041992
1860_15721,2006,0.6419111665039314
1860_15721,2008,0.12488715567259556
1860_15721,2009,0.03692107191862393
1860_15721,2010,0.034850978750091466
1860_15721,2011,0.025211478897148032
1860_15721,2014,0.4683431095414071
1860_15721,2015,0.1821960577145615
1860_15721,2016,0.13011269179463725
1864_68830,2000,0.14235101874917855
1864_68830,2003,0.14449529827557916
1864_68830,2004,0.7741474263705529
1864_68830,2005,0.5517138700868598
1864_68830,2006,0.22524240495074366
1864_68830,2008,0.13825312768323594
1864_68830,2009,0.12623573561419144
1864_68830,2010,0.034574174848347794
1864_68830,2011,0.11083937929337673
1864_68830,2014,0.32411796921157066
1864_68830,2015,0.1285524884595749
1864_68830,2016,0.5324482074062662
1864_68830,2017,0.1582025492153848
1864_68830,2020,0.4278158532815909
1864_68830,2021,0.289292157633532
1864_68830,2022,0.7192772680478972
1866_15748,2000,0.28453715039777017
1866_15748,2003,0.9678969955180724
1866_15748,2004,0.5638971922955816
1878_85631,2000,0.04857340956222822
1878_85631,2003,0.10449584223644504
1878_85631,2004,0.07784775201762073
1878_85631,2005,0.9833791945528678
1878_85631,2006,0.17590094103988385
1878_85631,2008,0.2364889321634489
1878_85631,2009,0.05100279930740659
1878_85631,2010,0.02581724378388872
1878_85631,2011,0.061370810820013166
1878_85631,2014,0.02640262531249138
1878_85631,2015,0.2965412690125271
1878_85631,2016,0.1884605048071647
1878_85631,2017,0.22556322746461133
1878_85631,2020,0.048546095254758614
1878_85631,2021,0.08727856521359967
1878_85631,2022,0.07323274427826454
1884_29787,2006,0.9383776869547014
1884_29787,2008,0.06239207142773262
1884_69542,2000,0.6334413255854163
1884_69542,2003,0.9435674412594637
1884_69542,2004,0.9967562486209592
1891_44644,2000,0.24631362638104248
1891_44644,2003,0.19774251341266125
1891_44644,2004,0.16109666609706053
1891_44644,2005,0.9720832755969762
1891_44644,2006,0.5074085253324441
1891_44644,2008,0.05299152872333135
1891_44644,2009,0.09770440499254363
1891_44644,2010,0.02102477427935523
1891_44644,2011,0.03182093730635405
1891_44644,2014,0.037984547912856104
1891_44644,2015,0.050390414068534284
1891_44644,2016,0.12950807206331472
1891_44644,2017,0.012035010605119578
1891_44644,2020,0.42099313968633045
1891_44644,2021,0.07601091287296236
1891_44644,2022,0.030312701411673748
1902_15991,2000,0.546294189478544
1902_15991,2003,0.5522638412780428
1902_15991,2004,0.6677354529464787
1902_15991,2005,0.9000188635923969
1902_15991,2006,0.9932742250784081
1906_16030,2000,0.9856827081126566
1906_16030,2003,0.08497088317035717
1906_16030,2004,0.26792955446258504
1906_16030,2005,0.1221085159967984
1906_16030,2006,0.029995892621891285
1906_16030,2008,0.14341855968006456
1906_16030,2009,0.027068559810928372
1906_16030,2010,0.03612273821561662
1906_16030,2011,0.5683432692026864
1906_16030,2014,0.8898324282614847
1906_16030,2015,0.3983960275778323
1906_16030,2016,0.1123678488958364
1906_16030,2017,0.9187870190672102
1913_44601,2000,0.15761256378017474
1913_44601,2003,0.4365304029416244
1913_44601,2004,0.20991939309344287
1913_44601,2005,0.11871065523346824
1913_44601,2006,0.08403616722899332
1913_44601,2008,0.06287216829917885
1913_44601,2009,0.15258950510931457
1913_44601,2010,0.04312046509934997
1913_44601,2011,0.02894660761373724
1913_44601,2014,0.07487325396027444
1913_44601,2015,0.008149944848300339
1913_44601,2016,0.4180939474409707
1913_44601,2017,0.011731789477898436
1913_44601,2020,0.20735392610840908
1913_44601,2021,0.04941319552743284
1913_44601,2022,0.007940207722386239
1914_80073,2000,0.5118932657660331
1914_80073,2003,0.20220647662537228
1914_80073,2004,0.33174986473143997
1914_80073,2005,0.5901805414561726
1919_27684,2000,0.21697043266129112
1919_27684,2003,0.16238823647902312
1919_27684,2004,0.018216661379146903
1919_27684,2005,0.06762381061056011
1919_27684,2006,0.3805545018665295
1919_27684,2008,0.1701917883960259
1919_27684,2009,0.04984135591690464
1919_27684,2010,0.09835078179351242
1919_27684,2011,0.03839845481966997
1919_27684,2014,0.032804670982669815
1919_27684,2015,0.01182991705263603
1919_27684,2016,0.22952393076052258
1919_27684,2017,0.09227148596346613
1919_27684,2020,0.09138834483244673
1919_27684,2021,0.27313001621602384
1919_27684,2022,0.0610258709983964
1920_40416,2000,0.7565841719816739
1920_40416,2003,0.8957245055593945
1920_40416,2004,0.5959980803391411
1920_40416,2005,0.21944673277785076
1920_40416,2006,0.6350556162501217
1920_40416,2008,0.1102627927615244
1920_40416,2009,0.24794517582411124
1920_40416,2010,0.07674768519113784
1920_40416,2011,0.11367435419578853
1920_40416,2014,0.9170984133806417
1920_40416,2015,0.08700819970408613
1920_40416,2016,0.8849329784648697
1920_40416,2017,0.7883356098666467
1926_16126,2000,0.5704212766409535
1926_16126,2003,0.8913266542390542
1926_16126,2004,0.7764566663322308
1926_16126,2005,0.5941002111540723
1926_16126,2006,0.6026884357211434
1926_16126,2008,0.04327593597795509
1926_16126,2009,0.0681791337455443
1926_16126,2010,0.38739079123126885
1926_16126,2011,0.055867510212601834
1926_16126,2014,0.399179972309992
1926_16126,2015,0.010896613681395939
1926_16126,2016,0.10282887537570606
1926_16126,2017,0.6347737507528817
1926_16126,2020,0.2159296806654939
1926_16126,2021,0.05943834125075431
1926_16126,2022,0.03333219625004524
1932_59504,2000,0.8182445263663642
1932_59504,2003,0.8123456752868425
1932_59504,2004,0.3940150134657676
1932_59504,2005,0.22350323840871844
1932_59504,2006,0.20347538909356033
1932_59504,2008,0.13194346401316748
1932_59504,2009,0.1781175269237254
1932_59504,2010,0.022762762008333826
1932_59504,2011,0.018057479295319978
1932_59504,2014,0.1604588780632148
1932_59504,2015,0.054562995100789546
1932_59504,2016,0.7048841796414111
1932_59504,2017,0.6721475658919777
1932_59504,2020,0.8769470221749951
1932_59504,2021,0.552355061511788
1932_59504,2022,0.8806167611126362
1943_65496,2000,0.09121803653674554
1945_83980,2000,0.6357932517540825
1945_83980,2003,0.4125461269872319
1945_83980,2004,0.31816215908803014
1945_83980,2005,0.792217857747263
1949_56856,2000,0.8327969407070838
1949_56856,2003,0.3877906450954922
1949_56856,2004,0.9238038934222415
1949_56856,2005,0.39171871180509865
1949_56856,2006,0.9461736357576503
1949_56856,2008,0.7319822167115804
1949_56856,2009,0.15015515347702513
1949_56856,2010,0.9307223023456027
1949_56856,2011,0.7881151157821895
1949_56856,2014,0.5753316134563914
1949_56856,2015,0.7909305015381092
1949_56856,2016,0.9239931253796818
1949_56856,2017,0.07992195767519705
1949_56856,2020,0.20059925845789772
1949_56856,2021,0.48691724617094456
1949_56856,2022,0.04752503555348775
1951_16249,2006,0.03928651719515497
1951_16249,2008,0.03453808604323105
1951_16249,2009,0.6678016395280931
1951_16249,2010,0.8999730880180229
1951_16249,2011,0.3118821426921582
1951_16249,2014,0.825551955398209
1956_85711,2000,0.9975588804851006
1968_53110,2000,0.244322827106221
1968_53110,2003,0.9999806347851453
1968_53110,2004,0.9219491237526434
1968_53110,2005,0.3413449790211125
1968_53110,2006,0.20474170699520367
1968_53110,2008,0.18124337308130123
1968_53110,2009,0.19349219210924595
1968_53110,2010,0.16450062035933954
1968_53110,2011,0.0706584974168043
1968_53110,2014,0.7083798996133788
1968_53110,2015,0.1234580032611775
1968_53110,2016,0.9299166681217315
1968_53110,2017,0.7886769168885295
1968_53110,2020,0.1501794275642474
1968_53110,2021,0.0702874632191618
1968_53110,2022,0.006605823556422807
1969_85754,2000,0.3603063462819752
1969_85754,2003,0.9777085034685807
1969_85754,2004,0.7488525722983685
1971_62797,2000,0.9937287248052662
1971_62797,2003,0.9663375485936764
1971_62797,2004,0.47118662286238877
1971_62797,2005,0.30513587055666413
1974_52484,2000,0.9433726240365324
1974_52484,2003,0.8254829257575709
1974_52484,2004,0.3964837866387366
1974_52484,2005,0.18504315464940158
1974_52484,2006,0.7322729166872892
1974_52484,2008,0.047718269025715854
1974_52484,2009,0.06102169009192071
1974_52484,2010,0.30286856286824604
1974_52484,2011,0.3075707527409729
1976_75034,2000,0.6050080182422628
1976_75034,2003,0.15670716095194448
1976_75034,2004,0.34699160811878915
1976_75034,2005,0.21366708211158292
1976_75034,2006,0.538989952723839
1976_75034,2008,0.02190528858626062
1976_75034,2009,0.07737531556084698
1976_75034,2010,0.2501902763563836
1976_75034,2011,0.07942310265568786
1976_75034,2014,0.5031532423846601
1976_75034,2015,0.14839906381471146
1976_75034,2016,0.3040382703542518
1979_10318,2000,0.5697162153058105
1979_10318,2003,0.8964176524383854
1979_10318,2004,0.5370940629123091
1979_10318,2005,0.46626905742442104
1979_10318,2006,0.2994926200972553
1979_10318,2008,0.24837668410791958
1979_10318,2009,0.15786383897967093
1979_10318,2010,0.22311984931552997
1979_10318,2011,0.0171673005172992
1979_10318,2014,0.9120467806716182
1979_10318,2015,0.20662897795031088
1979_10318,2016,0.26236859707361304
1979_10318,2017,0.5223824999892854
1979_10318,2020,0.08397965700709253
1979_10318,2021,0.1041704407997075
1979_10318,2022,0.03594727019725874
1981_58755,2000,0.2721071299961393
1981_58755,2003,0.24004202099806315
1981_58755,2004,0.08684075352396059
1981_58755,2005,0.089816360417037
1981_58755,2006,0.131874672736343
1981_58755,2008,0.09734140213135523
1981_58755,2009,0.14973809835006502
1982_10239,2000,0.36666694444952996
1982_10239,2003,0.046766086941980256
1982_10239,2004,0.36773817661497177
1982_10239,2005,0.3062847946008721
1982_10239,2006,0.3560584020300426
1982_10239,2008,0.08613932584432082
1982_10239,2009,0.04353997064166604
1982_10239,2010,0.021199543336918314
1982_10239,2011,0.1343721877242673
1982_10239,2014,0.9770194609998103
1982_10239,2015,0.39659838813310844
1982_10239,2016,0.4482040451644197
1982_10239,2017,0.7451579322836205
1982_16417,2000,0.33193688708653224
1982_16417,2003,0.9177482279994524
1982_16417,2004,0.7285761227282683
1982_16417,2005,0.624811411447109
1982_16417,2006,0.2643613211131488
1982_16417,2008,0.5817508135426953
1982_16417,2009,0.2752498912080822
1982_16417,2010,0.5841949850532153
1982_16417,2011,0.9706438175469195
1982_16417,2014,0.4778271315979802
1982_16417,2015,0.6688735748073413
1982_16417,2016,0.8784645206559728
1982_16417,2017,0.9999808559219563
1988_57568,2000,0.49938855720755604
1988_57568,2003,0.24222361398390746
1988_57568,2004,0.8700315085011919
1988_57568,2005,0.14708937666415967
1988_57568,2006,0.3413702499750645
1988_57568,2008,0.09324320200550551
1988_57568,2009,0.22815345243987295
1988_57568,2010,0.26283775684675403
1988_57568,2011,0.027887142290388356
1988_57568,2014,0.09079495459541531
1988_57568,2015,0.06424785591570481
1988_57568,2016,0.13838325719977373
1988_57568,2017,0.741754244727217
1988_57568,2020,0.10712328907631052
1988_57568,2021,0.061737191923328494
1988_57568,2022,0.16525585041504864
1992_16468,2000,0.5242887572970669
1995_24221,2000,0.9623413472327531
1995_24221,2003,0.11252838992434033
1995_24221,2004,0.4617921752870492
1995_24221,2005,0.22539231462061482
1995_24221,2006,0.6475227693137628
1995_24221,2008,0.469118669841042
1995_24221,2009,0.05784914281400921
1995_24221,2010,0.16036790166226078
1998_65138,2000,0.018241529010681434
1998_65138,2003,0.14772264755933662
2002_16505,2000,0.5159762612676086
2002_16505,2003,0.27469102621394614
2002_16505,2004,0.5925710746158062
2002_16505,2005,0.1902722729791062
2002_16505,2006,0.3257294715161281
2002_16505,2008,0.13974251667417092
2002_16505,2009,0.5512058903846628
2002_16505,2010,0.1946906011093794
2002_16505,2011,0.9944487280017127
2002_16505,2014,0.04162494509954162
2002_16505,2015,0.054203376402491066
2002_16505,2016,0.10800066510047024
2002_16505,2017,0.7134230702486132
2002_16505,2020,0.22120385020093603
2002_16505,2021,0.07791192242367118
2002_16505,2022,0.05514738864039914
2005_16548,2000,0.3483965127270905
2005_16548,2003,0.337532852589733
2005_16548,2004,0.252260617225293
2005_16548,2005,0.13047772943260516
2005_16548,2006,0.06357356434614603
2005_16548,2008,0.049111815294076266
2005_16548,2009,0.26224071186832454
2005_16548,2010,0.010970144620852551
2005_16548,2011,0.01735719242043976
2005_16548,2014,0.10106545518739696
2005_16548,2015,0.057478856940418654
2005_16548,2016,0.12274742176526521
2005_16548,2017,0.6131051695485215
2005_16548,2020,0.5927029276199179
2005_16548,2021,0.11973762913728503
2005_16548,2022,0.023077254838041683
2007_63511,2000,0.8581649562776573
2008_55781,2000,0.25153698212673814
2008_55781,2003,0.09790212664226772
2008_55781,2004,0.08757586564040298
2008_55781,2005,0.13225568717913105
2008_77881,2000,0.2196757482335293
2008_77881,2003,0.28733195368675346
2008_77881,2004,0.21684005192618583
2008_77881,2005,0.12016918673898591
2011_16599,2000,0.990046462214854
2019_49656,2000,0.19693237637948713
2019_49656,2003,0.18962738810316992
2019_49656,2004,0.016031830594898322
2019_49656,2005,0.10255758838801798
2019_49656,2006,0.06762039097225359
2019_49656,2008,0.11247137385845318
2019_49656,2009,0.130834256227762
2019_49656,2010,0.02653321098702266
2019_49656,2011,0.037196471484316596
2019_49656,2014,0.14906747330994796
2019_49656,2015,0.04181226451247522
2019_49656,2016,0.1067630755684651
2019_49656,2017,0.2689469527804732
2019_49656,2020,0.14441979694129303
2019_49656,2021,0.09112562944395242
2019_49656,2022,0.009234025762880238
2025_61938,2000,0.9626085082759341
2025_61938,2003,0.8379800119343336
2025_61938,2004,0.2318271104120485
2025_61938,2005,0.2139919313300902
2025_61938,2006,0.15828300353726332
2025_61938,2008,0.07275839017627883
2025_61938,2009,0.06156894919106026
2025_61938,2010,0.04046392696433676
2025_61938,2011,0.0687248004478388
2028_16791,2000,0.3799309363890261
2033_29532,2000,0.7438493364000517
2033_29532,2003,0.34197319617716315
2033_29532,2004,0.1979270445950766
2033_29532,2005,0.9288424290475333
2033_29532,2006,0.39660073727333056
2034_16890,2000,0.7145716008827685
2034_16890,2003,0.18620193528174933
2034_16890,2004,0.2131023966488642
2034_16890,2005,0.15802844585297626
2044_46877,2000,0.9436440249549222
2044_46877,2003,0.9966633927189782
2044_46877,2004,0.43431006561350194
2044_46877,2005,0.2847370463545643
2044_46877,2006,0.051493531801670156
2044_46877,2008,0.342326209104604
2044_46877,2009,0.11629634212237816
2044_46877,2010,0.11812571302979757
2044_46877,2011,0.056889576481973125
2044_46877,2014,0.25451323398253745
2044_46877,2015,0.12721581516387925
2044_46877,2016,0.32820843269871136
2049_39693,2000,0.5398120666052915
2049_39693,2003,0.09519706183850973
2049_39693,2004,0.2161693816590261
2049_39693,2005,0.6011211314752204
2049_39693,2006,0.2510695351496811
2049_39693,2008,0.009595910135205332
2049_39693,2009,0.1300151245073341
2049_39693,2010,0.05925616491667418
2049_39693,2011,0.018747855709103645
2049_39693,2014,0.28807015561530525
2049_39693,2015,0.2552717567832362
2049_39693,2016,0.02906052335206999
2049_39693,2017,0.31401744629338635
2049_39693,2020,0.20809608844356609
2049_39693,2021,0.14379545978400676
2049_39693,2022,0.03621058379453668
2052_42358,2000,0.9001016391419399
2052_42358,2003,0.45432586988212054
2052_42358,2004,0.9374227312434001
2052_42358,2005,0.9816733311365791
2052_42358,2006,0.9639143212221487
2052_42358,2008,0.5657586773206469
2052_42358,2009,0.10429239783499378
2052_42358,2010,0.9009658313494313
2052_42358,2011,0.056675719030081506
2052_42358,2014,0.9731366169144948
2052_42358,2015,0.2744731451629051
2052_42358,2016,0.08187605451370095
2052_42358,2017,0.8270566036233569
2052_42358,2020,0.16262359474550037
2052_42358,2021,0.9665308048675698
2052_42358,2022,0.08307368763203182
2054_16978,2000,0.2623653084145695
2055_71298,2000,0.9994782597364454
2055_71298,2003,0.7081910314027166
2055_71298,2004,0.23979431719550914
2055_71298,2005,0.3570483495158888
2055_71298,2006,0.6959557531483611
2055_71298,2008,0.13292680099800624
2055_71298,2009,0.49194261417008134
2055_71298,2010,0.2936532520729276
2055_71298,2011,0.4771083802606817
2055_71298,2014,0.4149311889768521
2055_71298,2015,0.6351825011055594
2055_71298,2016,0.9949545884658902
2055_71298,2017,0.788610149303569
2055_71298,2020,0.4187595064126255
2055_71298,2021,0.6452703593855864
2055_71298,2022,0.5954390132102417
2060_85842,2000,0.9040717989272495
2061_47423,2000,0.4935112864423207
2061_47423,2003,0.6439593245061643
2061_47423,2004,0.3481111145401553
2061_47423,2005,0.48127953108500854
2061_47423,2006,0.36347593348521345
2061_47423,2008,0.38779413762359927
2061_47423,2009,0.8894126545708777
2061_47423,2010,0.3907039286097669
2061_47423,2011,0.6212897500917589
2073_17073,2011,0.016566409121075765
2080_17137,2000,0.29782817905710934
2080_17137,2003,0.532580481970677
2080_17137,2004,0.13325137481997062
2080_17137,2005,0.3277873044383759
2080_17137,2006,0.7348019777008694
2080_17137,2008,0.4588779261529
2080_17137,2009,0.3184329334205287
2080_17137,2010,0.8270151478038055
2080_17137,2011,0.18582656612698878
2080_17137,2014,0.43133519506021734
2080_17137,2015,0.42143320228905634
2080_17137,2016,0.24128214861676545
2080_17137,2017,0.9318077391683599
2080_17137,2020,0.11143097870936425
2080_17137,2021,0.24359794091140408
2080_17137,2022,0.9997942812919964
2085_26518,2000,0.7532715853331454
2085_26518,2003,0.10847023439713899
2085_26518,2004,0.36553462749109555
2085_26518,2005,0.7511938346168807
2085_26518,2006,0.6199970826303409
2086_27887,2000,0.5904571402402147
2086_27887,2003,0.7207048370206661
2086_27887,2004,0.2605921858813727
2086_27887,2005,0.35795062236564057
2086_27887,2006,0.24395716186389138
2086_27887,2008,0.5704824796444874
2086_27887,2009,0.14372968301368116
2086_27887,2010,0.29173266945527754
2086_27887,2011,0.022678002427056643
2086_27887,2014,0.14079785271684953
2086_27887,2015,0.11725869156061808
2086_27887,2016,0.42830576309925883
2086_27887,2017,0.055762947541169505
2086_27887,2020,0.46440340796698065
2086_27887,2021,0.08048978571088428
2086_27887,2022,0.48021929847081724
2101_29612,2000,0.38344855294959024
2101_29612,2003,0.2929719384471501
2101_29612,2004,0.2419889006470921
2101_29612,2005,0.25391083846159135
2101_29612,2006,0.14167788124876557
2101_29612,2008,0.06862294702498717
2101_29612,2009,0.08001501958435875
2101_29612,2010,0.1963843888138137
2101_29612,2011,0.005674446656240617
2101_29612,2014,0.31886622103772855
2101_29612,2015,0.3829736539700833
2101_29612,2016,0.15005485544776787
2101_29612,2017,0.21539980814349446
2101_29612,2020,0.15865797189675857
2101_29612,2021,0.10530406925990166
2101_29612,2022,0.0958644804242279
2111_39642,2000,0.6450342001532969
2111_39642,2003,0.31242202185372425
2111_39642,2004,0.19460964888229992
2111_39642,2005,0.09288299300484748
2111_39642,2006,0.32250463827335996
2111_39642,2008,0.6296362284549342
2111_39642,2009,0.2917125732772168
2111_39642,2010,0.19845848361095886
2111_39642,2011,0.03232837512036002
2111_39642,2014,0.09132809267429609
2111_39642,2015,0.0436772624230628
2111_39642,2016,0.2728361433520291
2111_39642,2017,0.09215804992800147
2111_39642,2020,0.1707503787090544
2111_39642,2021,0.17966735825539093
2111_39642,2022,0.2471220919869247
2113_85885,2000,0.26379194087622615
2113_85885,2003,0.9999962322108814
2113_85885,2004,0.3400167973350532
2113_85885,2005,0.7783555674973581
2113_85885,2006,0.9987559502903628
2124_17444,2000,0.3121815051471828
2124_17444,2003,0.07948432302113606
2124_17444,2004,0.47542468379481384
2124_17444,2005,0.5619877587509157
2124_17444,2006,0.9072705438787876
2124_17444,2008,0.014501996809484052
2124_17444,2009,0.3664262243668138
2124_17444,2010,0.053053240068444585
2124_17444,2011,0.1498184046384009
2124_17444,2014,0.4863044462028383
2124_17444,2015,0.7391591788170002
2124_17444,2016,0.6007057453729173
2124_17444,2017,0.26735969220594924
2124_17444,2020,0.5975543820297706
2124_17444,2021,0.40512814598923064
2124_17444,2022,0.20195235604149364
2124_86242,2000,0.31472405671221393
2124_86242,2003,0.08122169624987019
2124_86242,2004,0.3570243296943105
2124_86242,2005,0.4068554319478175
2124_86242,2006,0.9949796699463671
2124_86242,2008,0.01026308658054842
2124_86242,2009,0.3205965629576665
2124_86242,2010,0.03093057803854815
2124_86242,2011,0.16590335637660525
2124_86242,2014,0.789361655134934
2124_86242,2015,0.40141950113162994
2124_86242,2016,0.28971758149909865
2124_86242,2017,0.48396473075933544
2124_86242,2020,0.19546107439497007
2124_86242,2021,0.17971023845403578
2124_86242,2022,0.0989223960776745
2136_65875,2000,0.3886974236351891
2136_65875,2003,0.33584597617480527
2136_65875,2004,0.33043115103797205
2136_65875,2005,0.2724472550993281
2136_65875,2006,0.17219179714478305
2136_65875,2008,0.11192748644613149
2136_65875,2009,0.16661450973056458
2136_65875,2010,0.2066134882630991
2136_65875,2011,0.20175400924403375
2136_65875,2014,0.047704461053597935
2136_65875,2015,0.2158808243820618
2136_65875,2016,0.15713195348058684
2136_65875,2017,0.8845463174014374
2136_65875,2020,0.26210444732417104
2136_65875,2021,0.17078016494776505
2136_65875,2022,0.20832559747815316
2137_29647,2000,0.2808636923533635
2137_29647,2003,0.1768182479963507
2137_29647,2004,0.2581981679151948
2137_29647,2005,0.5642486134094622
2137_29647,2006,0.1273323774382391
2137_29647,2008,0.530515607014445
2137_29647,2009,0.052650164838543234
2137_29647,2010,0.05519564010674094
2137_29647,2011,0.1143731288354225
2137_29647,2014,0.13893353748020965
2137_29647,2015,0.17649993657538254
2137_29647,2016,0.5497872039791578
2137_29647,2017,0.3244073518207876
2137_29647,2020,0.2923929507080931
2137_29647,2021,0.021911740599845797
2137_29647,2022,0.1416897707664111
2138_29639,2000,0.9807992560083008
2138_29639,2003,0.9167619408358385
2138_29639,2004,0.7641953492943391
2138_29639,2005,0.9872468427747275
2138_29639,2006,0.7377504709642859
2146_65883,2000,0.4654021295346278
2146_65883,2003,0.25506412933991607
2146_65883,2004,0.2971464065999194
2146_65883,2005,0.20503852166896552
2150_65509,2000,0.20792486385487385
2150_65509,2003,0.10940043215937012
2150_65509,2004,0.058282728052789445
2150_65509,2005,0.13265694568019704
2150_65509,2006,0.32763060153174484
2150_65509,2008,0.21533160828105424
2150_65509,2009,0.17168261867516244
2150_65509,2010,0.08435228175886944
2150_65509,2011,0.018220995880543045
2154_43772,2000,0.11387862436455765
2154_43772,2003,0.6466258553051003
2154_43772,2004,0.077184741642496
2154_43772,2005,0.0432519405629348
2154_43772,2006,0.04488640865432547
2154_43772,2008,0.06780913906505481
2154_43772,2009,0.045183269776592705
2154_43772,2010,0.08506812473050362
2154_43772,2011,0.0321983957866554
2154_43772,2014,0.35840020086262336
2154_43772,2015,0.03620492077991999
2154_43772,2016,0.2532914072226816
2154_43772,2017,0.32932486762948554
2163_11510,2000,0.9145202261009302
2163_11510,2003,0.9386108494279277
2163_11510,2004,0.5594124949723183
2163_11510,2005,0.20517276587881472
2163_11510,2006,0.7693956680182711
2163_11510,2008,0.18796786388449072
2163_11510,2009,0.4570018562063949
2163_11510,2010,0.9294799206658249
2163_17671,2000,0.9940941841449168
2163_17671,2003,0.9055019646018887
2163_17671,2004,0.6646645749928621
2163_17671,2005,0.2770143881629341
2163_17671,2006,0.8941656046468851
2163_17671,2008,0.22167506647644208
2163_17671,2009,0.5146073399834583
2163_17671,2010,0.9165749275218829
2163_17671,2011,0.04048894109812273
2169_42438,2000,0.5407190171486611
2176_17778,2000,0.12407850818787003
2176_17778,2003,0.5004964554046216
2176_17778,2004,0.49630279480080153
2176_17778,2005,0.983710489846141
2176_17778,2006,0.5813825499352444
2176_17778,2008,0.0490903018052512
2176_17778,2009,0.2009344879062046
2176_17778,2010,0.08399203775677344
2176_17778,2011,0.07465517440673108
2176_17778,2014,0.01886700367601646
2176_17778,2015,0.06264117766606503
2176_17778,2016,0.07144778234900395
2176_17778,2017,0.031537560059880954
2176_17778,2020,0.09041671267192397
2176_17778,2021,0.06009159326038915
2176_17778,2022,0.02490418186621257
2176_83443,2000,0.09607370285049466
2176_83443,2003,0.5170110202942715
2176_83443,2004,0.5005917004083371
2176_83443,2005,0.9978788570387366
2176_83443,2006,0.616637285722507
2176_83443,2008,0.06841965284956952
2176_83443,2009,0.1249973767051974
2176_83443,2010,0.09053393694122769
2176_83443,2011,0.07494412971592734
2176_83443,2014,0.03925588175397765
2176_83443,2015,0.05125489410474371
2176_83443,2016,0.05591656540709655
2176_83443,2017,0.024495625571174462
2176_83443,2020,0.08284642717313773
2176_83443,2021,0.06961493705519184
2176_83443,2022,0.028853238487436372
2184_85914,2000,0.437637862259991
2184_85914,2003,0.13843597577986944
2184_85914,2004,0.16647091898448307
2184_85914,2005,0.3425078396775477
2184_85914,2006,0.27383893000651904
2184_85914,2008,0.15871124537359815
2184_85914,2009,0.08298126329248301
2184_85914,2010,0.49782824838634543
2184_85914,2011,0.17394463664589044
2184_85914,2014,0.31647319868300516
2184_85914,2015,0.35949157197475057
2184_85914,2016,0.7291827183616431
2184_85914,2017,0.41375668470932425
2184_85914,2020,0.18258985146952833
2184_85914,2021,0.08214844422647705
2184_85914,2022,0.07196388760979777
2189_10786,2000,0.38859835566446665
2193_85640,2000,0.8332993260062016
2193_85640,2003,0.32985765515472654
2193_85640,2004,0.2871469883261384
2215_55044,2000,0.986563909249045
2220_61508,2000,0.3132117631589355
2220_61508,2003,0.39547003712760076
2220_61508,2004,0.5963008056464048
2220_61508,2005,0.23539092684626306
2220_61508,2006,0.033553740086180284
2220_61508,2008,0.08853593720045927
2220_61508,2009,0.26853784131732605
2220_61508,2010,0.7866408639551977
2220_61508,2011,0.11185118956951723
2220_61508,2014,0.9999963292578948
2220_61508,2015,0.1705507241234978
2220_61508,2016,0.9997833751556051
2220_61508,2017,0.7337268679918414
2220_61508,2020,0.9197910767081328
2220_61508,2021,0.24080318744341955
2220_61508,2022,0.22110086418266195
2220_61516,2000,0.16179922220380405
2220_61516,2003,0.4896050550688589
2220_61516,2004,0.1154875809164776
2220_61516,2005,0.06888679504091155
2220_61516,2006,0.018433296423861045
2220_61516,2008,0.08378734007002042
2220_61516,2009,0.13897495518405845
2220_61516,2010,0.068604737704698
2220_61516,2011,0.10998642067279418
2220_61516,2014,0.8333533568889006
2220_61516,2015,0.02532395438753876
2220_61516,2016,0.3479485622871663
2220_61516,2017,0.14599669476917165
2220_61516,2020,0.1779496311468638
2220_61516,2021,0.038284872246385326
2220_61516,2022,0.2062681181646987
2222_18033,2000,0.22990246118095514
2222_18033,2003,0.5018390348828465
2222_18033,2004,0.9992316573529747
2222_18033,2005,0.08997899019365141
2222_18033,2006,0.3979075851113353
2222_18033,2008,0.6005188380628885
2222_18033,2009,0.14232460311601636
2222_18033,2010,0.2820109852072856
2222_18033,2011,0.07087945919999095
2226_11983,2000,0.26303349018341404
2230_18092,2000,0.13292395852763972
2230_18092,2003,0.09327938206236441
2230_18092,2004,0.46642773734691456
2230_18092,2005,0.3056434019703339
2230_18092,2006,0.9566920866068211
2237_18148,2000,0.386816757547751
2237_18148,2003,0.48806288644788187
2237_18148,2004,0.998308259271983
2237_18148,2005,0.942753899551456
2237_18148,2006,0.9744109346452602
2237_18148,2008,0.9993758546575914
2237_18148,2009,0.6574197229033129
2237_18148,2010,0.8492201736512421
2237_18148,2011,0.9379523668011424
2246_18244,2000,0.9032037958317276
2246_18244,2003,0.5395334190825927
2246_18244,2004,0.8742016580222471
2255_20220,2000,0.05265822912042084
2255_20220,2003,0.09736503926803064
2255_20220,2004,0.23480034258118632
2255_20220,2005,0.08474743872011747
2255_20220,2006,0.2268781614509784
2255_20220,2008,0.020312737764433986
2259_61946,2000,0.7801136251284815
2259_61946,2003,0.18846930383985494
2259_61946,2004,0.17265777232050183
2259_61946,2005,0.2760805520122265
2259_61946,2006,0.3078483819976766
2259_61946,2008,0.10102792084914514
2259_61946,2009,0.09188957055730806
2259_61946,2010,0.1326222935441459
2259_61946,2011,0.10483638924406669
2259_61946,2014,0.1384374696221643
2259_61946,2015,0.645600130041827
2259_61946,2016,0.3007453951241488
2259_61946,2017,0.9999382031777211
2259_61946,2020,0.4778534396225168
2259_61946,2021,0.2610468237685647
2259_61946,2022,0.13499142446556311
2269_49373,2000,0.38954005165356964
2269_49373,2003,0.19885924910731811
2269_49373,2004,0.3589057982000916
2269_49373,2005,0.3501790631740045
2269_49373,2006,0.03683666053573287
2269_49373,2008,0.03510309744472695
2269_49373,2009,0.35434130745098646
2269_49373,2010,0.4844032344541681
2269_49373,2011,0.10399496818691734
2269_49373,2014,0.18766162705784417
2269_49373,2015,0.8408177689721317
2269_49373,2016,0.9295116779469568
2269_49373,2017,0.840379745944748
2269_49373,2020,0.7658665988018092
2269_49373,2021,0.575512030878
2269_49373,2022,0.28294798646575314
2270_19661,2010,0.02799071307289358
2270_21257,2021,0.07844464597784717
2270_21257,2022,0.2563460014039296
2270_62519,2000,0.4305402854011745
2270_62519,2003,0.12366340226367256
2270_62519,2004,0.5233351784171061
2270_62519,2005,0.11045534158018544
2270_62519,2006,0.10563769298592973
2270_62519,2008,0.01756085427532117
2270_93159,2014,0.36869877872599044
2270_93159,2015,0.23907638693895272
2270_93159,2016,0.21699365125804682
2270_93159,2017,0.34449052232984045
2271_65154,2000,0.866048216171914
2271_65154,2003,0.7874016407052731
2271_65154,2004,0.22883101296557784
2271_65154,2005,0.8587255467424213
2271_65154,2006,0.09730485454563265
2271_65154,2008,0.25938220654557287
2271_65154,2009,0.1487028954183548
2271_65154,2010,0.10493387423191991
2271_65154,2011,0.0348474233756455
2271_65154,2014,0.2401615533661582
2282_18570,2000,0.2263414822413894
2282_18570,2003,0.18154855759892818
2282_18570,2004,0.3340459656586121
2282_18570,2005,0.26488195131939385
2282_18570,2006,0.17788572833639027
2282_18570,2008,0.031998615017394094
2282_18570,2009,0.06740881452576908
2282_18570,2010,0.4429898138930112
2282_18570,2011,0.05586661885105626
2282_18570,2014,0.9935404166987358
2282_18570,2015,0.29211366751765855
2282_18570,2016,0.47011732820932195
2285_19561,2000,0.2505946813689933
2285_19561,2003,0.03813518406639349
2285_19561,2004,0.15285725896429359
2285_19561,2005,0.4215581926881161
2285_19561,2006,0.32774541227162357
2285_19561,2008,0.06633121642956363
2285_19561,2009,0.04409966694768441
2285_19561,2010,0.05734894239055732
2285_19561,2011,0.029850620191725907
2285_19561,2014,0.03425735586092027
2285_19561,2015,0.06804331210689607
2285_19561,2016,0.09171179349835323
2285_19561,2017,0.2083748112814926
2285_19561,2020,0.057290270553978506
2285_19561,2021,0.12722569450939725
2285_19561,2022,0.40463159640495794
2290_42024,2000,0.021761469653857723
2290_42024,2003,0.06891560700117738
2290_42024,2004,0.3175273178449055
2290_42024,2005,0.09416765452956244
2290_42024,2006,0.7308454729126826
2290_42024,2008,0.09398796531508491
2290_42024,2009,0.18256550119716763
2290_42024,2010,0.0915953911962073
2290_42024,2011,0.05960848269383856
2295_18650,2000,0.7820122491276739
2295_18650,2003,0.9999296688717081
2295_18650,2004,0.7210363385939271
2295_18650,2005,0.6298516336053377
2295_18650,2006,0.9937432235015615
2295_18650,2008,0.09085510589227597
2295_18650,2009,0.0867054190399934
2295_18650,2010,0.3279656810008903
2295_18650,2011,0.4285541228154611
2299_84839,2000,0.6579477031062918
2299_84839,2003,0.08238120680978656
2299_84839,2004,0.19388409229674997
2299_84839,2005,0.17753959198893887
2299_84839,2006,0.9035409617616486
2299_84839,2008,0.9540083551622617
2312_52230,2000,0.10112925211001556
2312_52230,2003,0.1509242884444303
2312_52230,2004,0.2555177430651496
2312_52230,2005,0.12932964538671865
2312_52230,2006,0.2834176467546935
2312_52230,2008,0.04563808747524434
2312_52230,2009,0.08109778384759547
2312_52230,2010,0.023822522695069903
2312_52230,2011,0.006023065398020555
2312_52230,2014,0.15200147078560544
2312_52230,2015,0.11525365332640458
2312_52230,2016,0.11027849963235192
2312_52230,2017,0.20231195321267836
2312_52230,2020,0.24253185455925497
2312_52230,2021,0.09810494897525812
2312_52230,2022,0.16625992054527428
2328_87146,2000,0.9545834662399104
2328_87146,2003,0.402132083231732
2328_87146,2004,0.5068135193930929
2328_87146,2005,0.21290476785889634
2328_87146,2006,0.13308682444940556
2328_87146,2008,0.046447742742453335
2328_87146,2009,0.035068883285686914
2328_87146,2010,0.05847546596207831
2337_12437,2011,0.059310301843902846
2337_12437,2014,0.5713839354169741
2337_12437,2015,0.22327609573737273
2337_12437,2016,0.48153243417062896
2337_12437,2017,0.20407239579201542
2337_12437,2020,0.265986593265797
2337_12437,2021,0.19317320517125713
2337_66130,2000,0.06775304099703161
2337_66130,2003,0.25766611009233775
2337_66130,2004,0.24249214844678202
2337_66130,2005,0.19951170744062652
2337_66130,2006,0.9984557932525157
2338_18914,2000,0.9642745068347014
2338_18914,2003,0.23566053414021704
2338_18914,2004,0.5628670209116141
2338_18914,2005,0.03193373109206077
2338_18914,2006,0.36072072557606927
2340_11901,2000,0.9702935167267616
2340_11901,2003,0.9294829626732538
2342_60898,2000,0.25975034334787506
2342_60898,2003,0.6516947646399657
2342_60898,2004,0.6855458485007837
2342_60898,2005,0.6323643141424269
2342_60898,2006,0.2593873890193217
2342_60898,2008,0.685456961100986
2342_60898,2009,0.999999586264909
2342_60898,2010,0.9989735852475541
2342_60898,2011,0.8309416142860684
2342_60898,2014,0.7674252064972755
2342_60898,2015,0.90102590709827
2342_60898,2016,0.9995733182219797
2342_60898,2017,0.9287248861597263
2342_60898,2020,0.9798435192807725
2345_39757,2000,0.5812666935584532
2345_39757,2003,0.32992705683164436
2345_39757,2004,0.6051856597619891
2345_39757,2005,0.3924799539461379
2345_39757,2006,0.9996839764075502
2345_39757,2008,0.5211996221179294
2346_47642,2000,0.5866381467778117
2346_47642,2003,0.33348031477964446
2346_47642,2004,0.6119820768579151
2346_47642,2005,0.24077224169106348
2346_47642,2006,0.089190006521362
2346_47642,2008,0.10418003265080422
2346_47642,2009,0.635223980928
2352_18973,2000,0.6040530114140301
2352_18973,2003,0.2332727458319871
2352_18973,2004,0.09104773880659167
2352_18973,2005,0.26627828353975747
2352_18973,2006,0.15565785499585083
2352_18973,2008,0.08656760871195235
2352_18973,2009,0.08469011345674127
2352_18973,2010,0.070552355086692
2352_18973,2011,0.08054590500511938
2352_18973,2014,0.1670065749947991
2352_18973,2015,0.2523455751728606
2352_18973,2016,0.1422511018746424
2352_18973,2017,0.23400579649232967
2352_18973,2020,0.27479735773801794
2352_18973,2021,0.12324836143262596
2352_18973,2022,0.026430369755786387
2369_85259,2000,0.6059532243631642
2369_85259,2003,0.7429604906784582
2369_85259,2004,0.4960258543960593
2369_85259,2005,0.5876693451677326
2369_85259,2006,0.07556177930215446
2369_85259,2008,0.0727102111932677
2369_85259,2009,0.04539640470193873
2369_85259,2010,0.09771210986969392
2369_85259,2011,0.006974290616515444
2369_85259,2014,0.36513939415542407
2369_85259,2015,0.028216299763224928
2369_85259,2016,0.18188266284324828
2369_85259,2017,0.11773714424713533
2369_85259,2020,0.2544987097204061
2369_85259,2021,0.0495260313042023
2369_85259,2022,0.18147574586039583
2390_19271,2000,0.9988733144188007
2390_19271,2003,0.6757822445304211
2390_19271,2004,0.6733027377503715
2390_19271,2005,0.2862495012915425
2390_19271,2006,0.36148621444623696
2390_19271,2008,0.5537049584546785
2390_19271,2009,0.8873095290947017
2390_19271,2010,0.5907123006517445
2390_19271,2011,0.5859801503906152
2390_19271,2014,0.7543174026920713
2390_19271,2015,0.90806293863627
2390_19271,2016,0.0816480416139227
2390_19271,2017,0.45566339282907165
2390_19271,2020,0.9573715667817233
2390_19271,2021,0.05392158452683571
2390_19271,2022,0.4941222587717726
2393_17961,2000,0.09261417545123185
2393_17961,2003,0.13575479696165682
2393_17961,2004,0.9128189058490451
2393_17961,2005,0.11748420742534071
2393_17961,2006,0.09817546815798461
2393_17961,2008,0.05982860835971937
2393_17961,2009,0.055385514096850885
2393_17961,2010,0.06122203375769808
2393_17961,2011,0.10059195527836806
2393_17961,2014,0.30248230872421233
2393_17961,2015,0.4916027830144869
2393_17961,2016,0.01636667430593619
2393_17961,2017,0.03770638890693445
2402_86079,2000,0.5621919531370181
2402_86079,2003,0.7850395889016446
2402_86079,2004,0.9960731842382643
2402_86079,2005,0.9863439272050578
2403_19393,2000,0.9995286960019979
2403_19393,2003,0.3094955791754386
2403_19393,2004,0.2847008924966601
2403_19393,2005,0.16241723678093578
2403_19393,2006,0.3248638865172141
2403_19393,2008,0.39861158388005935
2403_19393,2009,0.22922216110815274
2403_19393,2010,0.2980189038693437
2403_19393,2011,0.3546761769051774
2403_19393,2014,0.09588892965228613
2403_19393,2015,0.18771022952441452
2403_19393,2016,0.4573021821072015
2403_19393,2017,0.961308377803079
2403_19393,2020,0.31950205185472114
2403_19393,2021,0.11794490631649512
2403_19393,2022,0.8102913929070393
2408_13786,2014,0.1519112476531017
2408_13786,2015,0.24076641762792972
2408_13786,2016,0.4159893414551603
2408_13786,2017,0.49051669113547103
2408_13786,2020,0.2916917515447641
2408_13786,2021,0.11308355077479615
2408_13786,2022,0.19818555607907484
2408_88658,2003,0.5255104873719557
2408_88658,2004,0.6643549809160276
2408_88658,2005,0.42998320344398155
2408_88658,2006,0.21244177214372117
2408_88658,2008,0.07261231918861366
2408_88658,2009,0.14832859199058235
2408_88658,2010,0.22457457425772998
2408_88658,2011,0.055751102315126144
2410_29890,2000,0.22672045649269013
2410_29890,2003,0.1412765609629011
2410_29890,2004,0.47453816318437125
2410_29890,2005,0.19713240254740483
2410_29890,2006,0.570816808774306
2410_29890,2008,0.04669102660617164
2410_29890,2009,0.32364578262325217
2410_29890,2010,0.014821160600537175
2410_29890,2011,0.04395539619434896
2410_29890,2014,0.13643999815433583
2410_29890,2015,0.18897743432683078
2410_29890,2016,0.07380134077117118
2410_29890,2017,0.3129820454016866
2410_29890,2020,0.21435670893579506
2410_29890,2021,0.24339706795059945
2410_29890,2022,0.14984559137317255
2411_66835,2000,0.5550630702913346
2411_66835,2003,0.06980251407894289
2411_66835,2004,0.46308371196978093
2411_66835,2005,0.19331817090976278
2411_66835,2006,0.19631881064854373
2411_66835,2008,0.12177052441441405
2411_66835,2009,0.10099214516885102
2411_66835,2010,0.03671066440999404
2411_66835,2011,0.0261797155727318
2411_66835,2014,0.45223283207655485
2411_66835,2015,0.1369045988186287
2411_66835,2016,0.6539578243131193
2411_66835,2017,0.5940425184478814
2433_42606,2000,0.9137196876672969
2435_29938,2000,0.9932526593882207
2435_29938,2003,0.9939241356807589
2435_29938,2004,0.1598489864512196
2435_29938,2005,0.07315347975331188
2435_29938,2006,0.7638905427762659
2435_29938,2008,0.4932510451958656
2435_29938,2009,0.31064045103223836
2435_29938,2010,0.2979056146873067
2435_29938,2011,0.14072863616097597
2435_29938,2014,0.1129427279645061
2435_29938,2015,0.32104617612814523
2435_29938,2016,0.22411906821667027
2435_29938,2017,0.7675177708360215
2435_29938,2020,0.24508553000208744
2435_29938,2021,0.2405972554707363
2435_29938,2022,0.0731784105675708
2435_29946,2000,0.9938085946590578
2435_29946,2003,0.9864875964653825
2435_29946,2004,0.05122270777753968
2435_29946,2005,0.06344166699640197
2435_29946,2006,0.3299955466627057
2435_29946,2008,0.7111875185462634
2435_29946,2009,0.2779462133922075
2435_29946,2010,0.264111852188621
2435_29946,2011,0.09764719817334344
2435_29946,2014,0.11775036559930274
2435_29946,2015,0.3713371936223884
2435_29946,2016,0.2603926655176805
2435_29946,2017,0.8587870257101972
2435_29946,2020,0.2368638790710722
2435_29946,2021,0.3237981501672461
2435_29946,2022,0.10637339177458582
2436_10866,2000,0.9842432409159244
2436_10866,2003,0.045356285567309085
2436_10866,2004,0.1657392716037076
2436_10866,2005,0.27433299916756315
2436_10866,2006,0.7874054851493303
2436_10866,2008,0.12219863261122299
2436_10866,2009,0.13853325050145926
2436_10866,2010,0.033893410741678176
2436_10866,2011,0.04802088067737409
2436_10866,2014,0.8926829939570702
2436_10866,2015,0.3903285558762597
2436_10866,2016,0.42036839653646163
2436_10866,2017,0.6972949194455611
2436_10866,2020,0.2389317317256573
2436_10866,2021,0.0691575865634958
2436_10866,2022,0.07714725124127675
2437_19546,2000,0.8598014591403185
2444_10874,2000,0.10839844209355676
2444_10874,2003,0.2004604009101172
2444_10874,2004,0.35406759686701117
2444_10874,2005,0.3803235679159286
2444_10874,2006,0.1257748205096565
2444_10874,2008,0.14480930282221727
2444_10874,2009,0.13492712948729935
2444_10874,2010,0.06715601913722036
2444_10874,2011,0.007851891530583965
2444_10874,2014,0.11764862501443696
2444_10874,2015,0.0797720629846006
2444_10874,2016,0.0858938063818876
2444_10874,2017,0.05327192519018986
2444_10874,2020,0.21351898536161074
2444_10874,2021,0.11198819952808681
2444_10874,2022,0.08392245068841453
2448_55597,2000,0.4874614555858524
2448_55597,2003,0.25219877930134915
2448_55597,2004,0.4929201531098998
2448_55597,2005,0.2727932577778984
2448_55597,2006,0.18532268199525892
2448_55597,2008,0.11033237259392359
2448_55597,2009,0.040419485357302
2448_55597,2010,0.15447078205709874
2448_55597,2011,0.05154997074116885
2448_55597,2014,0.37287674178746766
2448_55597,2015,0.14427247562903678
2448_55597,2016,0.25855528887745527
2448_55597,2017,0.2643510694866492
2448_55597,2020,0.22973733728101153
2448_55597,2021,0.06382909515867086
2448_55597,2022,0.6116983720748865
2467_19722,2000,0.9822945008083236
2467_19722,2003,0.8426990563062107
2484_67176,2000,0.027579722172130783
2484_67176,2003,0.14047656894702643
2484_67176,2004,0.540396709860201
2489_77465,2000,0.5795713457971898
2490_50227,2000,0.3598221979462197
2490_50227,2003,0.10005850213232015
2490_50227,2004,0.004239081945830447
2490_50227,2005,0.18332319092057403
2490_50227,2006,0.10206254678584536
2490_50227,2008,0.009301616697100834
